[{"model": "dashboard.userdashboardmodule", "pk": 10, "fields": {"title": "Application models", "module": "jet.dashboard.modules.ModelList", "app_label": "blog", "user": 1, "column": 0, "order": 0, "settings": "{\"models\": [\"blog.*\"], \"exclude\": null}", "children": "", "collapsed": false}}, {"model": "dashboard.userdashboardmodule", "pk": 11, "fields": {"title": "Recent Actions", "module": "jet.dashboard.modules.RecentActions", "app_label": "blog", "user": 1, "column": 1, "order": 0, "settings": "{\"limit\": 10, \"include_list\": [\"blog.*\"], \"exclude_list\": null, \"user\": null}", "children": "", "collapsed": false}}, {"model": "dashboard.userdashboardmodule", "pk": 12, "fields": {"title": "Application models", "module": "jet.dashboard.modules.ModelList", "app_label": "luogu", "user": 1, "column": 0, "order": 0, "settings": "{\"models\": [\"luogu.*\"], \"exclude\": null}", "children": "", "collapsed": false}}, {"model": "dashboard.userdashboardmodule", "pk": 13, "fields": {"title": "Recent Actions", "module": "jet.dashboard.modules.RecentActions", "app_label": "luogu", "user": 1, "column": 1, "order": 0, "settings": "{\"limit\": 10, \"include_list\": [\"luogu.*\"], \"exclude_list\": null, \"user\": null}", "children": "", "collapsed": false}}, {"model": "dashboard.userdashboardmodule", "pk": 16, "fields": {"title": "Quick links", "module": "jet.dashboard.modules.LinkList", "app_label": null, "user": 1, "column": 0, "order": 0, "settings": "{\"draggable\": false, \"deletable\": false, \"collapsible\": false, \"layout\": \"inline\"}", "children": "[{\"title\": \"Return to site\", \"url\": \"/\"}, {\"title\": \"\\u4fee\\u6539\\u5bc6\\u7801\", \"url\": \"/admin/password_change/\"}, {\"title\": \"\\u6ce8\\u9500\", \"url\": \"/admin/logout/\"}]", "collapsed": false}}, {"model": "dashboard.userdashboardmodule", "pk": 17, "fields": {"title": "Applications", "module": "jet.dashboard.modules.AppList", "app_label": null, "user": 1, "column": 1, "order": 0, "settings": "{\"models\": null, \"exclude\": [\"auth.*\"]}", "children": "", "collapsed": false}}, {"model": "dashboard.userdashboardmodule", "pk": 18, "fields": {"title": "\u7ba1\u7406", "module": "jet.dashboard.modules.AppList", "app_label": null, "user": 1, "column": 2, "order": 0, "settings": "{\"models\": [\"auth.*\"], \"exclude\": null}", "children": "", "collapsed": false}}, {"model": "dashboard.userdashboardmodule", "pk": 19, "fields": {"title": "Recent Actions", "module": "jet.dashboard.modules.RecentActions", "app_label": null, "user": 1, "column": 0, "order": 1, "settings": "{\"limit\": 10, \"include_list\": null, \"exclude_list\": null, \"user\": null}", "children": "", "collapsed": false}}, {"model": "dashboard.userdashboardmodule", "pk": 20, "fields": {"title": "Latest Django News", "module": "jet.dashboard.modules.Feed", "app_label": null, "user": 1, "column": 1, "order": 1, "settings": "{\"feed_url\": \"http://www.djangoproject.com/rss/weblog/\", \"limit\": 5}", "children": "", "collapsed": false}}, {"model": "dashboard.userdashboardmodule", "pk": 21, "fields": {"title": "Support", "module": "jet.dashboard.modules.LinkList", "app_label": null, "user": 1, "column": 2, "order": 1, "settings": "{\"draggable\": true, \"deletable\": true, \"collapsible\": true, \"layout\": \"stacked\"}", "children": "[{\"title\": \"Django documentation\", \"url\": \"http://docs.djangoproject.com/\", \"external\": true}, {\"title\": \"Django \\\"django-users\\\" mailing list\", \"url\": \"http://groups.google.com/group/django-users\", \"external\": true}, {\"title\": \"Django irc channel\", \"url\": \"irc://irc.freenode.net/django\", \"external\": true}]", "collapsed": false}}, {"model": "contenttypes.contenttype", "pk": 1, "fields": {"app_label": "admin", "model": "logentry"}}, {"model": "contenttypes.contenttype", "pk": 2, "fields": {"app_label": "auth", "model": "permission"}}, {"model": "contenttypes.contenttype", "pk": 3, "fields": {"app_label": "auth", "model": "group"}}, {"model": "contenttypes.contenttype", "pk": 4, "fields": {"app_label": "auth", "model": "user"}}, {"model": "contenttypes.contenttype", "pk": 5, "fields": {"app_label": "contenttypes", "model": "contenttype"}}, {"model": "contenttypes.contenttype", "pk": 6, "fields": {"app_label": "sessions", "model": "session"}}, {"model": "contenttypes.contenttype", "pk": 7, "fields": {"app_label": "luogu", "model": "contributions"}}, {"model": "contenttypes.contenttype", "pk": 8, "fields": {"app_label": "luogu", "model": "status"}}, {"model": "contenttypes.contenttype", "pk": 9, "fields": {"app_label": "luogu", "model": "tag"}}, {"model": "contenttypes.contenttype", "pk": 10, "fields": {"app_label": "luogu", "model": "question"}}, {"model": "contenttypes.contenttype", "pk": 11, "fields": {"app_label": "luogu", "model": "myuser"}}, {"model": "contenttypes.contenttype", "pk": 12, "fields": {"app_label": "luogu", "model": "history"}}, {"model": "contenttypes.contenttype", "pk": 13, "fields": {"app_label": "blog", "model": "banner"}}, {"model": "contenttypes.contenttype", "pk": 14, "fields": {"app_label": "blog", "model": "category"}}, {"model": "contenttypes.contenttype", "pk": 15, "fields": {"app_label": "blog", "model": "link"}}, {"model": "contenttypes.contenttype", "pk": 16, "fields": {"app_label": "blog", "model": "tag"}}, {"model": "contenttypes.contenttype", "pk": 17, "fields": {"app_label": "blog", "model": "tui"}}, {"model": "contenttypes.contenttype", "pk": 18, "fields": {"app_label": "blog", "model": "article"}}, {"model": "contenttypes.contenttype", "pk": 19, "fields": {"app_label": "jet", "model": "bookmark"}}, {"model": "contenttypes.contenttype", "pk": 20, "fields": {"app_label": "jet", "model": "pinnedapplication"}}, {"model": "contenttypes.contenttype", "pk": 21, "fields": {"app_label": "dashboard", "model": "userdashboardmodule"}}, {"model": "contenttypes.contenttype", "pk": 22, "fields": {"app_label": "blog", "model": "note"}}, {"model": "contenttypes.contenttype", "pk": 23, "fields": {"app_label": "luogu", "model": "note"}}, {"model": "sessions.session", "pk": "125n49eekya7cdk3qpw2drgc02axnttb", "fields": {"session_data": "NGVjNDJkNGE1YTA5NTNmMTA0M2U0MDc5YzQwZDMyYjg4OGRkM2ZjYTp7Il9hdXRoX3VzZXJfaWQiOiIxIiwiX2F1dGhfdXNlcl9iYWNrZW5kIjoiZGphbmdvLmNvbnRyaWIuYXV0aC5iYWNrZW5kcy5Nb2RlbEJhY2tlbmQiLCJfYXV0aF91c2VyX2hhc2giOiJiNTRkNDhmNmU4OTcwOTg3MWZhODM5YTIzZWM1YmNmODMxZTJiYzFhIiwiaXNfbG9naW4iOnRydWUsInVzZXJfaWQiOiIxIiwidXNlcl9uYW1lIjoiMG5nIn0=", "expire_date": "2020-07-12T13:48:46.742Z"}}, {"model": "sessions.session", "pk": "4xx4lipxrcvdnwf5jel416vz0nz04fvb", "fields": {"session_data": "NGVjNDJkNGE1YTA5NTNmMTA0M2U0MDc5YzQwZDMyYjg4OGRkM2ZjYTp7Il9hdXRoX3VzZXJfaWQiOiIxIiwiX2F1dGhfdXNlcl9iYWNrZW5kIjoiZGphbmdvLmNvbnRyaWIuYXV0aC5iYWNrZW5kcy5Nb2RlbEJhY2tlbmQiLCJfYXV0aF91c2VyX2hhc2giOiJiNTRkNDhmNmU4OTcwOTg3MWZhODM5YTIzZWM1YmNmODMxZTJiYzFhIiwiaXNfbG9naW4iOnRydWUsInVzZXJfaWQiOiIxIiwidXNlcl9uYW1lIjoiMG5nIn0=", "expire_date": "2020-07-17T01:01:39.534Z"}}, {"model": "sessions.session", "pk": "516o6bkggcvbpjnbmcv2gvr36opem3h1", "fields": {"session_data": "NGVjNDJkNGE1YTA5NTNmMTA0M2U0MDc5YzQwZDMyYjg4OGRkM2ZjYTp7Il9hdXRoX3VzZXJfaWQiOiIxIiwiX2F1dGhfdXNlcl9iYWNrZW5kIjoiZGphbmdvLmNvbnRyaWIuYXV0aC5iYWNrZW5kcy5Nb2RlbEJhY2tlbmQiLCJfYXV0aF91c2VyX2hhc2giOiJiNTRkNDhmNmU4OTcwOTg3MWZhODM5YTIzZWM1YmNmODMxZTJiYzFhIiwiaXNfbG9naW4iOnRydWUsInVzZXJfaWQiOiIxIiwidXNlcl9uYW1lIjoiMG5nIn0=", "expire_date": "2020-07-15T09:15:33.936Z"}}, {"model": "sessions.session", "pk": "5f4rwlrvar7iw0r6ok5f3hc5n2g8kclm", "fields": {"session_data": "NGVjNDJkNGE1YTA5NTNmMTA0M2U0MDc5YzQwZDMyYjg4OGRkM2ZjYTp7Il9hdXRoX3VzZXJfaWQiOiIxIiwiX2F1dGhfdXNlcl9iYWNrZW5kIjoiZGphbmdvLmNvbnRyaWIuYXV0aC5iYWNrZW5kcy5Nb2RlbEJhY2tlbmQiLCJfYXV0aF91c2VyX2hhc2giOiJiNTRkNDhmNmU4OTcwOTg3MWZhODM5YTIzZWM1YmNmODMxZTJiYzFhIiwiaXNfbG9naW4iOnRydWUsInVzZXJfaWQiOiIxIiwidXNlcl9uYW1lIjoiMG5nIn0=", "expire_date": "2020-07-15T07:32:13.467Z"}}, {"model": "sessions.session", "pk": "pl5vc37y82o4s64a5v2590z7fpvgqi4z", "fields": {"session_data": "NGVjNDJkNGE1YTA5NTNmMTA0M2U0MDc5YzQwZDMyYjg4OGRkM2ZjYTp7Il9hdXRoX3VzZXJfaWQiOiIxIiwiX2F1dGhfdXNlcl9iYWNrZW5kIjoiZGphbmdvLmNvbnRyaWIuYXV0aC5iYWNrZW5kcy5Nb2RlbEJhY2tlbmQiLCJfYXV0aF91c2VyX2hhc2giOiJiNTRkNDhmNmU4OTcwOTg3MWZhODM5YTIzZWM1YmNmODMxZTJiYzFhIiwiaXNfbG9naW4iOnRydWUsInVzZXJfaWQiOiIxIiwidXNlcl9uYW1lIjoiMG5nIn0=", "expire_date": "2020-08-23T06:49:25.294Z"}}, {"model": "sessions.session", "pk": "wax9jz9pa1j9x9c6hkz3dllhp6ahln7k", "fields": {"session_data": "NGVjNDJkNGE1YTA5NTNmMTA0M2U0MDc5YzQwZDMyYjg4OGRkM2ZjYTp7Il9hdXRoX3VzZXJfaWQiOiIxIiwiX2F1dGhfdXNlcl9iYWNrZW5kIjoiZGphbmdvLmNvbnRyaWIuYXV0aC5iYWNrZW5kcy5Nb2RlbEJhY2tlbmQiLCJfYXV0aF91c2VyX2hhc2giOiJiNTRkNDhmNmU4OTcwOTg3MWZhODM5YTIzZWM1YmNmODMxZTJiYzFhIiwiaXNfbG9naW4iOnRydWUsInVzZXJfaWQiOiIxIiwidXNlcl9uYW1lIjoiMG5nIn0=", "expire_date": "2020-08-19T07:45:25.709Z"}}, {"model": "luogu.tag", "pk": 1, "fields": {"name": "\u51fd\u6570\u4e0e\u6781\u9650"}}, {"model": "luogu.tag", "pk": 2, "fields": {"name": "\u5bfc\u6570\u4e0e\u5fae\u5206"}}, {"model": "luogu.tag", "pk": 3, "fields": {"name": "\u5fae\u5206\u4e2d\u503c\u5b9a\u7406\u4e0e\u5bfc\u6570\u7684\u5e94\u7528"}}, {"model": "luogu.tag", "pk": 4, "fields": {"name": "\u4e0d\u5b9a\u79ef\u5206"}}, {"model": "luogu.tag", "pk": 5, "fields": {"name": "\u5b9a\u79ef\u5206"}}, {"model": "luogu.tag", "pk": 6, "fields": {"name": "\u5fae\u5206\u65b9\u7a0b"}}, {"model": "luogu.tag", "pk": 7, "fields": {"name": "\u5411\u91cf\u4ee3\u6570\u4e0e\u7a7a\u95f4\u89e3\u6790\u51e0\u4f55"}}, {"model": "luogu.tag", "pk": 8, "fields": {"name": "\u591a\u5143\u51fd\u6570\u5fae\u5206\u6cd5\u53ca\u5176\u5e94\u7528"}}, {"model": "luogu.tag", "pk": 9, "fields": {"name": "\u91cd\u79ef\u5206"}}, {"model": "luogu.tag", "pk": 10, "fields": {"name": "\u65e0\u7a77\u7ea7\u6570"}}, {"model": "luogu.question", "pk": 1, "fields": {"subject": "M", "no": "M0001", "title": "\u8d85\u7ea7\u739b\u4e3d\u6e38\u620f", "question": "##\u9898\u76ee\n#### \u4f7f\u7528KeTex\u7f16\u5199\u9898\u76ee\n[KaTex\u600e\u4e48\u5199?](https://katex.org/docs/api.html)", "answer": "##\u7b54\u6848\n#### \u4f7f\u7528KeTex\u7f16\u5199\u7b54\u6848", "difficulty": "", "accepted": 36, "attempted": 70, "pass_ratio": 51.42857142857143, "status": 1, "score": 80, "tag": [1, 2]}}, {"model": "luogu.question", "pk": 2, "fields": {"subject": "M", "no": "M0002", "title": "A+B Problem", "question": "##\u9898\u76ee\n#### \u4f7f\u7528KeTex\u7f16\u5199\u9898\u76ee\n[KaTex\u600e\u4e48\u5199?](https://katex.org/docs/api.html)", "answer": "##\u7b54\u6848\n#### \u4f7f\u7528KeTex\u7f16\u5199\u7b54\u6848", "difficulty": "", "accepted": 12, "attempted": 17, "pass_ratio": 70.58823529411765, "status": 1, "score": 80, "tag": [3, 4]}}, {"model": "luogu.question", "pk": 3, "fields": {"subject": "M", "no": "M0003", "title": "\u8fc7\u6cb3\u5352", "question": "##\u9898\u76ee\n#### \u4f7f\u7528KeTex\u7f16\u5199\u9898\u76ee\n[KaTex\u600e\u4e48\u5199?](https://katex.org/docs/api.html)", "answer": "##\u7b54\u6848\n#### \u4f7f\u7528KeTex\u7f16\u5199\u7b54\u6848", "difficulty": "", "accepted": 11, "attempted": 11, "pass_ratio": 100.0, "status": 1, "score": 80, "tag": [5, 6, 7]}}, {"model": "luogu.question", "pk": 4, "fields": {"subject": "M", "no": "M0004", "title": "\u94fa\u5730\u6bef", "question": "##\u9898\u76ee\n#### \u4f7f\u7528KeTex\u7f16\u5199\u9898\u76ee\n[KaTex\u600e\u4e48\u5199?](https://katex.org/docs/api.html)", "answer": "##\u7b54\u6848\n#### \u4f7f\u7528KeTex\u7f16\u5199\u7b54\u6848", "difficulty": "", "accepted": 0, "attempted": 2, "pass_ratio": 0.0, "status": 2, "score": 80, "tag": [8, 9]}}, {"model": "luogu.question", "pk": 5, "fields": {"subject": "M", "no": "M0005", "title": "A+B Problem", "question": "##\u9898\u76ee\n#### \u4f7f\u7528KeTex\u7f16\u5199\u9898\u76ee\n[KaTex\u600e\u4e48\u5199?](https://katex.org/docs/api.html)", "answer": "##\u7b54\u6848\n#### \u4f7f\u7528KeTex\u7f16\u5199\u7b54\u6848", "difficulty": "", "accepted": 1, "attempted": 12, "pass_ratio": 8.333333333333334, "status": 1, "score": 100, "tag": [4, 9]}}, {"model": "luogu.question", "pk": 6, "fields": {"subject": "M", "no": "M0006", "title": "\u8fc7\u6cb3\u5352", "question": "##\u9898\u76ee\n#### \u4f7f\u7528KeTex\u7f16\u5199\u9898\u76ee\n[KaTex\u600e\u4e48\u5199?](https://katex.org/docs/api.html)", "answer": "##\u7b54\u6848\n#### \u4f7f\u7528KeTex\u7f16\u5199\u7b54\u6848", "difficulty": "", "accepted": 2, "attempted": 15, "pass_ratio": 13.333333333333334, "status": 0, "score": 80, "tag": [7, 9, 10]}}, {"model": "luogu.question", "pk": 7, "fields": {"subject": "M", "no": "M0007", "title": "\u8fc7\u6cb3\u5352", "question": "##\u9898\u76ee\n#### \u4f7f\u7528KeTex\u7f16\u5199\u9898\u76ee\n[KaTex\u600e\u4e48\u5199?](https://katex.org/docs/api.html)", "answer": "##\u7b54\u6848\n#### \u4f7f\u7528KeTex\u7f16\u5199\u7b54\u6848", "difficulty": "", "accepted": 1, "attempted": 2, "pass_ratio": 50.0, "status": 0, "score": 80, "tag": [4, 9, 10]}}, {"model": "luogu.question", "pk": 8, "fields": {"subject": "M", "no": "M0008", "title": "\u94fa\u5730\u6bef", "question": "##\u9898\u76ee\n#### \u4f7f\u7528KaTex\u7f16\u5199\u9898\u76ee\n[KaTex\u600e\u4e48\u5199?](https://katex.org/docs/api.html)", "answer": "##\u7b54\u6848\n#### \u4f7f\u7528KaTex\u7f16\u5199\u7b54\u6848", "difficulty": "", "accepted": 0, "attempted": 0, "pass_ratio": 0.0, "status": 0, "score": 80, "tag": [1, 6, 7]}}, {"model": "luogu.question", "pk": 9, "fields": {"subject": "M", "no": "M0009", "title": "0ng\u6c42\u6781\u9650", "question": "\u6c42\u4e0b\u5217\u6781\u9650\uff1a\n$$\\lim_{x\\to1} \\frac{x+x^2+\\cdot\\cdot\\cdot+x^n-n}{x-1};$$", "answer": "\n.\n$$\\lim_{x\\to1} \\frac{x+x^2+\\cdot\\cdot\\cdot+x^n-n}{x-1}$$\n\n.\n$$=\\lim_{x\\to1} \\frac{(x-1)+(x^2-1)+\\cdot\\cdot\\cdot+(x^n-1)}{x-1}$$\n\n.\n$$=\\lim_{x\\to1} 1+(x+1)+\\cdot\\cdot\\cdot+(1+x+\\cdot\\cdot\\cdot+x^n-1)$$\n\n.\n$$=\\frac{n(n+1)}{2}$$", "difficulty": "", "accepted": 3, "attempted": 6, "pass_ratio": 50.0, "status": 0, "score": 80, "tag": [1]}}, {"model": "luogu.question", "pk": 10, "fields": {"subject": "M", "no": "M0010", "title": "\u8d85\u7ea7\u739b\u4e3d\u6e38\u620f", "question": "##\u9898\u76ee\n#### \u4f7f\u7528KaTex\u7f16\u5199\u9898\u76ee\n[KaTex\u600e\u4e48\u5199?](https://katex.org/docs/api.html)", "answer": "##\u7b54\u6848\n#### \u4f7f\u7528KaTex\u7f16\u5199\u7b54\u6848", "difficulty": "", "accepted": 0, "attempted": 0, "pass_ratio": 0.0, "status": 0, "score": 80, "tag": [1, 2, 10]}}, {"model": "luogu.question", "pk": 11, "fields": {"subject": "M", "no": "M0011", "title": "\u8d85\u7ea7\u739b\u4e3d\u6e38\u620f", "question": "##\u9898\u76ee\n#### \u4f7f\u7528KaTex\u7f16\u5199\u9898\u76ee\n[KaTex\u600e\u4e48\u5199?](https://katex.org/docs/api.html)", "answer": "##\u7b54\u6848\n#### \u4f7f\u7528KaTex\u7f16\u5199\u7b54\u6848", "difficulty": "", "accepted": 0, "attempted": 0, "pass_ratio": 0.0, "status": 0, "score": 60, "tag": [1, 2, 10]}}, {"model": "luogu.question", "pk": 12, "fields": {"subject": "M", "no": "M0012", "title": "\u8d85\u7ea7\u739b\u4e3d\u6e38\u620f", "question": "##\u9898\u76ee\n#### \u4f7f\u7528KaTex\u7f16\u5199\u9898\u76ee\n[KaTex\u600e\u4e48\u5199?](https://katex.org/docs/api.html)", "answer": "##\u7b54\u6848\n#### \u4f7f\u7528KaTex\u7f16\u5199\u7b54\u6848", "difficulty": "", "accepted": 0, "attempted": 0, "pass_ratio": 0.0, "status": 0, "score": 60, "tag": [1, 2, 10]}}, {"model": "luogu.question", "pk": 13, "fields": {"subject": "M", "no": "M0013", "title": "\u8d85\u7ea7\u739b\u4e3d\u6e38\u620f", "question": "##\u9898\u76ee\n#### \u4f7f\u7528KaTex\u7f16\u5199\u9898\u76ee\n[KaTex\u600e\u4e48\u5199?](https://katex.org/docs/api.html)", "answer": "##\u7b54\u6848\n#### \u4f7f\u7528KaTex\u7f16\u5199\u7b54\u6848", "difficulty": "", "accepted": 0, "attempted": 0, "pass_ratio": 0.0, "status": 0, "score": 60, "tag": [1, 2, 10]}}, {"model": "luogu.question", "pk": 14, "fields": {"subject": "M", "no": "M0014", "title": "\u8d85\u7ea7\u739b\u4e3d\u6e38\u620f", "question": "##\u9898\u76ee\n#### \u4f7f\u7528KaTex\u7f16\u5199\u9898\u76ee\n[KaTex\u600e\u4e48\u5199?](https://katex.org/docs/api.html)", "answer": "##\u7b54\u6848\n#### \u4f7f\u7528KaTex\u7f16\u5199\u7b54\u6848", "difficulty": "", "accepted": 0, "attempted": 0, "pass_ratio": 0.0, "status": 0, "score": 60, "tag": [1, 2, 10]}}, {"model": "luogu.question", "pk": 15, "fields": {"subject": "M", "no": "M0015", "title": "\u8d85\u7ea7\u739b\u4e3d\u6e38\u620f", "question": "##\u9898\u76ee\n#### \u4f7f\u7528KaTex\u7f16\u5199\u9898\u76ee\n[KaTex\u600e\u4e48\u5199?](https://katex.org/docs/api.html)", "answer": "##\u7b54\u6848\n#### \u4f7f\u7528KaTex\u7f16\u5199\u7b54\u6848", "difficulty": "", "accepted": 0, "attempted": 0, "pass_ratio": 0.0, "status": 0, "score": 80, "tag": [1, 2, 10]}}, {"model": "luogu.question", "pk": 16, "fields": {"subject": "M", "no": "M0016", "title": "\u8d85\u7ea7\u739b\u4e3d\u6e38\u620f", "question": "##\u9898\u76ee\n#### \u4f7f\u7528KaTex\u7f16\u5199\u9898\u76ee\n[KaTex\u600e\u4e48\u5199?](https://katex.org/docs/api.html)", "answer": "##\u7b54\u6848\n#### \u4f7f\u7528KaTex\u7f16\u5199\u7b54\u6848", "difficulty": "", "accepted": 0, "attempted": 0, "pass_ratio": 0.0, "status": 0, "score": 60, "tag": [1, 2, 10]}}, {"model": "luogu.question", "pk": 17, "fields": {"subject": "M", "no": "M0017", "title": "\u8d85\u7ea7\u739b\u4e3d\u6e38\u620f", "question": "##\u9898\u76ee\n#### \u4f7f\u7528KaTex\u7f16\u5199\u9898\u76ee\n[KaTex\u600e\u4e48\u5199?](https://katex.org/docs/api.html)", "answer": "##\u7b54\u6848\n#### \u4f7f\u7528KaTex\u7f16\u5199\u7b54\u6848", "difficulty": "", "accepted": 0, "attempted": 0, "pass_ratio": 0.0, "status": 0, "score": 60, "tag": [1, 2, 10]}}, {"model": "luogu.question", "pk": 18, "fields": {"subject": "M", "no": "M0018", "title": "\u8d85\u7ea7\u739b\u4e3d\u6e38\u620f", "question": "##\u9898\u76ee\n#### \u4f7f\u7528KaTex\u7f16\u5199\u9898\u76ee\n[KaTex\u600e\u4e48\u5199?](https://katex.org/docs/api.html)", "answer": "##\u7b54\u6848\n#### \u4f7f\u7528KaTex\u7f16\u5199\u7b54\u6848", "difficulty": "", "accepted": 0, "attempted": 0, "pass_ratio": 0.0, "status": 0, "score": 60, "tag": [1, 2, 10]}}, {"model": "luogu.question", "pk": 19, "fields": {"subject": "M", "no": "M0019", "title": "\u8d85\u7ea7\u739b\u4e3d\u6e38\u620f", "question": "##\u9898\u76ee\n#### \u4f7f\u7528KaTex\u7f16\u5199\u9898\u76ee\n[KaTex\u600e\u4e48\u5199?](https://katex.org/docs/api.html)", "answer": "##\u7b54\u6848\n#### \u4f7f\u7528KaTex\u7f16\u5199\u7b54\u6848", "difficulty": "", "accepted": 0, "attempted": 0, "pass_ratio": 0.0, "status": 0, "score": 60, "tag": [1, 2, 10]}}, {"model": "luogu.question", "pk": 20, "fields": {"subject": "M", "no": "M0020", "title": "\u8d85\u7ea7\u739b\u4e3d\u6e38\u620f", "question": "##\u9898\u76ee\n#### \u4f7f\u7528KaTex\u7f16\u5199\u9898\u76ee\n[KaTex\u600e\u4e48\u5199?](https://katex.org/docs/api.html)", "answer": "##\u7b54\u6848\n#### \u4f7f\u7528KaTex\u7f16\u5199\u7b54\u6848", "difficulty": "", "accepted": 0, "attempted": 0, "pass_ratio": 0.0, "status": 0, "score": 80, "tag": [1, 2, 10]}}, {"model": "luogu.question", "pk": 21, "fields": {"subject": "M", "no": "M0021", "title": "\u8d85\u7ea7\u739b\u4e3d\u6e38\u620f", "question": "##\u9898\u76ee\n#### \u4f7f\u7528KaTex\u7f16\u5199\u9898\u76ee\n[KaTex\u600e\u4e48\u5199?](https://katex.org/docs/api.html)", "answer": "##\u7b54\u6848\n#### \u4f7f\u7528KaTex\u7f16\u5199\u7b54\u6848", "difficulty": "", "accepted": 0, "attempted": 0, "pass_ratio": 0.0, "status": 0, "score": 60, "tag": [1, 2, 10]}}, {"model": "luogu.question", "pk": 22, "fields": {"subject": "M", "no": "M0022", "title": "A+B Problem", "question": "##\u9898\u76ee\n#### \u4f7f\u7528KaTex\u7f16\u5199\u9898\u76ee\n[KaTex\u600e\u4e48\u5199?](https://katex.org/docs/api.html)", "answer": "##\u7b54\u6848\n#### \u4f7f\u7528KaTex\u7f16\u5199\u7b54\u6848", "difficulty": "", "accepted": 0, "attempted": 0, "pass_ratio": 0.0, "status": 0, "score": 60, "tag": [1, 2]}}, {"model": "luogu.question", "pk": 23, "fields": {"subject": "M", "no": "M0023", "title": "\u94fa\u5730\u6bef", "question": "##\u9898\u76ee\n#### \u4f7f\u7528KaTex\u7f16\u5199\u9898\u76ee\n[KaTex\u600e\u4e48\u5199?](https://katex.org/docs/api.html)\n\n\u6c42\u4e0b\u5217\u6781\u9650\uff1a $$\\lim_{x\\to1} \\frac{x+x^2+\\cdot\\cdot\\cdot+x^n-n}{x-1};$$\n$$ss_s$$\n```latex\n\\lim_{x\\to1} \\frac{x+x^2+\\cdot\\cdot\\cdot+x^n-n}{x-1};\n\n```\n```math\n\\lim_{x\\to1} \\frac{x+x^2+\\cdot\\cdot\\cdot+x^n-n}{x-1};\n```\n```katex\n\\lim_{x\\to1} \\frac{x+x^2+\\cdot\\cdot\\cdot+x^n-n}{x-1};\n```\n", "answer": "##\u7b54\u6848\n#### \u4f7f\u7528KaTex\u7f16\u5199\u7b54\u6848", "difficulty": "", "accepted": 1, "attempted": 2, "pass_ratio": 50.0, "status": 0, "score": 60, "tag": [10]}}, {"model": "luogu.question", "pk": 24, "fields": {"subject": "M", "no": "M0024", "title": "\u50bb\u903c", "question": "##\u9898\u76ee\n#### \u4f7f\u7528KaTex\u7f16\u5199\u9898\u76ee\n[KaTex\u600e\u4e48\u5199?](https://katex.org/docs/api.html)\n $$\\lim_{x\\to1} \\frac{x+x^2+\\cdot\\cdot\\cdot+x^n-n}{x-1}$$\n\n $$=\\lim_{x\\to1} \\frac{(x-1)+(x^2-1)+\\cdot\\cdot\\cdot+(x^n-1)}{x-1}$$\n\n $$=\\lim_{x\\to1} 1+(x+1)+\\cdot\\cdot\\cdot+(1+x+\\cdot\\cdot\\cdot+x^n-1)$$\n\n $$=\\frac{n(n+1)}{2}$$\n $$\\lim_{x\\to1} \\frac{x+x^2+\\cdot\\cdot\\cdot+x^n-n}{x-1}$$\n\n $$=\\lim_{x\\to1} \\frac{(x-1)+(x^2-1)+\\cdot\\cdot\\cdot+(x^n-1)}{x-1}$$\n\n $$=\\lim_{x\\to1} 1+(x+1)+\\cdot\\cdot\\cdot+(1+x+\\cdot\\cdot\\cdot+x^n-1)$$\n\n $$=\\frac{n(n+1)}{2}$$\n $$\\lim_{x\\to1} \\frac{x+x^2+\\cdot\\cdot\\cdot+x^n-n}{x-1}$$\n\n $$=\\lim_{x\\to1} \\frac{(x-1)+(x^2-1)+\\cdot\\cdot\\cdot+(x^n-1)}{x-1}$$\n\n $$=\\lim_{x\\to1} 1+(x+1)+\\cdot\\cdot\\cdot+(1+x+\\cdot\\cdot\\cdot+x^n-1)$$\n\n $$=\\frac{n(n+1)}{2}$$\n $$\\lim_{x\\to1} \\frac{x+x^2+\\cdot\\cdot\\cdot+x^n-n}{x-1}$$\n\n $$=\\lim_{x\\to1} \\frac{(x-1)+(x^2-1)+\\cdot\\cdot\\cdot+(x^n-1)}{x-1}$$\n\n $$=\\lim_{x\\to1} 1+(x+1)+\\cdot\\cdot\\cdot+(1+x+\\cdot\\cdot\\cdot+x^n-1)$$\n\n $$=\\frac{n(n+1)}{2}$$\n $$\\lim_{x\\to1} \\frac{x+x^2+\\cdot\\cdot\\cdot+x^n-n}{x-1}$$\n\n $$=\\lim_{x\\to1} \\frac{(x-1)+(x^2-1)+\\cdot\\cdot\\cdot+(x^n-1)}{x-1}$$\n\n $$=\\lim_{x\\to1} 1+(x+1)+\\cdot\\cdot\\cdot+(1+x+\\cdot\\cdot\\cdot+x^n-1)$$\n\n $$=\\frac{n(n+1)}{2}$$", "answer": ".$$\\lim_{x\\to1} \\frac{x+x^2+\\cdot\\cdot\\cdot+x^n-n}{x-1}$$.$$=\\lim_{x\\to1} \\frac{(x-1)+(x^2-1)+\\cdot\\cdot\\cdot+(x^n-1)}{x-1}$$.$$=\\lim_{x\\to1} 1+(x+1)+\\cdot\\cdot\\cdot+(1+x+\\cdot\\cdot\\cdot+x^n-1)$$.$$=\\frac{n(n+1)}{2}$$.$$\\lim_{x\\to1} \\frac{x+x^2+\\cdot\\cdot\\cdot+x^n-n}{x-1}$$.$$=\\lim_{x\\to1} \\frac{(x-1)+(x^2-1)+\\cdot\\cdot\\cdot+(x^n-1)}{x-1}$$.$$=\\lim_{x\\to1} 1+(x+1)+\\cdot\\cdot\\cdot+(1+x+\\cdot\\cdot\\cdot+x^n-1)$$.$$=\\frac{n(n+1)}{2}$$\n\n.$$\\lim_{x\\to1} \\frac{x+x^2+\\cdot\\cdot\\cdot+x^n-n}{x-1}$$.$$=\\lim_{x\\to1} \\frac{(x-1)+(x^2-1)+\\cdot\\cdot\\cdot+(x^n-1)}{x-1}$$.$$=\\lim_{x\\to1} 1+(x+1)+\\cdot\\cdot\\cdot+(1+x+\\cdot\\cdot\\cdot+x^n-1)$$.$$=\\frac{n(n+1)}{2}$$\n\n\n.$$\\lim_{x\\to1} \\frac{x+x^2+\\cdot\\cdot\\cdot+x^n-n}{x-1}$$.$$=\\lim_{x\\to1} \\frac{(x-1)+(x^2-1)+\\cdot\\cdot\\cdot+(x^n-1)}{x-1}$$.$$=\\lim_{x\\to1} 1+(x+1)+\\cdot\\cdot\\cdot+(1+x+\\cdot\\cdot\\cdot+x^n-1)$$.$$=\\frac{n(n+1)}{2}$$\n\n\n.$$\\lim_{x\\to1} \\frac{x+x^2+\\cdot\\cdot\\cdot+x^n-n}{x-1}$$.$$=\\lim_{x\\to1} \\frac{(x-1)+(x^2-1)+\\cdot\\cdot\\cdot+(x^n-1)}{x-1}$$.$$=\\lim_{x\\to1} 1+(x+1)+\\cdot\\cdot\\cdot+(1+x+\\cdot\\cdot\\cdot+x^n-1)$$.$$=\\frac{n(n+1)}{2}$$\n\n.$$\\lim_{x\\to1} \\frac{x+x^2+\\cdot\\cdot\\cdot+x^n-n}{x-1}$$.$$=\\lim_{x\\to1} \\frac{(x-1)+(x^2-1)+\\cdot\\cdot\\cdot+(x^n-1)}{x-1}$$.$$=\\lim_{x\\to1} 1+(x+1)+\\cdot\\cdot\\cdot+(1+x+\\cdot\\cdot\\cdot+x^n-1)$$.$$=\\frac{n(n+1)}{2}$$\n\n\n.$$\\lim_{x\\to1} \\frac{x+x^2+\\cdot\\cdot\\cdot+x^n-n}{x-1}$$.$$=\\lim_{x\\to1} \\frac{(x-1)+(x^2-1)+\\cdot\\cdot\\cdot+(x^n-1)}{x-1}$$.$$=\\lim_{x\\to1} 1+(x+1)+\\cdot\\cdot\\cdot+(1+x+\\cdot\\cdot\\cdot+x^n-1)$$.$$=\\frac{n(n+1)}{2}$$", "difficulty": "", "accepted": 3, "attempted": 14, "pass_ratio": 21.428571428571427, "status": 0, "score": 60, "tag": [9, 10]}}, {"model": "luogu.question", "pk": 25, "fields": {"subject": "M", "no": "M0025", "title": "\u8d85\u7ea7\u739b\u4e3d\u6e38\u620f", "question": "##\u9898\u76ee\n#### \u4f7f\u7528KaTex\u7f16\u5199\u9898\u76ee\n[KaTex\u600e\u4e48\u5199?](https://katex.org/docs/api.html)##\u9898\u76ee\n#### \u4f7f\u7528KaTex\u7f16\u5199\u9898\u76ee\n[KaTex\u600e\u4e48\u5199?](https://katex.org/docs/api.html)##\u9898\u76ee\n#### \u4f7f\u7528KaTex\u7f16\u5199\u9898\u76ee\n[KaTex\u600e\u4e48\u5199?](https://katex.org/docs/api.html)", "answer": "##\u7b54\u6848\n#### \u4f7f\u7528KaTex\u7f16\u5199\u7b54\u6848", "difficulty": "", "accepted": 1, "attempted": 1, "pass_ratio": 100.0, "status": 0, "score": 80, "tag": [2, 4, 7]}}, {"model": "luogu.question", "pk": 26, "fields": {"subject": "M", "no": "M0026", "title": "\u94fa\u5730\u6bef", "question": "##\u9898\u76ee\n#### \u4f7f\u7528KaTex\u7f16\u5199\u9898\u76ee\n[KaTex\u600e\u4e48\u5199?](https://katex.org/docs/api.html)##\u9898\u76ee\n#### \u4f7f\u7528KaTex\u7f16\u5199\u9898\u76ee\n[KaTex\u600e\u4e48\u5199?](https://katex.org/docs/api.html)##\u9898\u76ee\n#### \u4f7f\u7528KaTex\u7f16\u5199\u9898\u76ee\n[KaTex\u600e\u4e48\u5199?](https://katex.org/docs/api.html)##\u9898\u76ee\n#### \u4f7f\u7528KaTex\u7f16\u5199\u9898\u76ee\n[KaTex\u600e\u4e48\u5199?](https://katex.org/docs/api.html)##\u9898\u76ee\n#### \u4f7f\u7528KaTex\u7f16\u5199\u9898\u76ee\n[KaTex\u600e\u4e48\u5199?](https://katex.org/docs/api.html)##\u9898\u76ee\n#### \u4f7f\u7528KaTex\u7f16\u5199\u9898\u76ee\n[KaTex\u600e\u4e48\u5199?](https://katex.org/docs/api.html)##\u9898\u76ee\n#### \u4f7f\u7528KaTex\u7f16\u5199\u9898\u76ee\n[KaTex\u600e\u4e48\u5199?](https://katex.org/docs/api.html)##\u9898\u76ee\n#### \u4f7f\u7528KaTex\u7f16\u5199\u9898\u76ee\n[KaTex\u600e\u4e48\u5199?](https://katex.org/docs/api.html)", "answer": "##\u7b54\u6848\n#### \u4f7f\u7528KaTex\u7f16\u5199\u7b54\u6848", "difficulty": "", "accepted": 0, "attempted": 0, "pass_ratio": 0.0, "status": 0, "score": 60, "tag": [9, 10]}}, {"model": "luogu.question", "pk": 27, "fields": {"subject": "M", "no": "M0027", "title": "A+B Problem", "question": "##\u9898\u76ee\n#### \u4f7f\u7528KaTex\u7f16\u5199\u9898\u76ee\n[KaTex\u600e\u4e48\u5199?](https://katex.org/docs/api.html)\n$$\\sum_{i=1}^Nw_ix_i$$", "answer": "##\u7b54\u6848\n#### \u4f7f\u7528KaTex\u7f16\u5199\u7b54\u6848", "difficulty": "", "accepted": 0, "attempted": 0, "pass_ratio": 0.0, "status": 0, "score": 60, "tag": [10]}}, {"model": "luogu.status", "pk": 1, "fields": {"username": "0ng", "subject": "M", "no": "M0001", "status": 1}}, {"model": "luogu.status", "pk": 2, "fields": {"username": "0ng", "subject": "M", "no": "M0002", "status": 1}}, {"model": "luogu.status", "pk": 3, "fields": {"username": "0ng", "subject": "M", "no": "M0003", "status": 1}}, {"model": "luogu.status", "pk": 4, "fields": {"username": "0ng", "subject": "M", "no": "M0004", "status": 2}}, {"model": "luogu.status", "pk": 5, "fields": {"username": "0ng", "subject": "M", "no": "M0005", "status": 1}}, {"model": "luogu.status", "pk": 6, "fields": {"username": "0ng", "subject": "M", "no": "M0007", "status": 1}}, {"model": "luogu.status", "pk": 7, "fields": {"username": "0ng", "subject": "M", "no": "M0006", "status": 1}}, {"model": "luogu.status", "pk": 8, "fields": {"username": "0ng", "subject": "M", "no": "M0009", "status": 1}}, {"model": "luogu.status", "pk": 9, "fields": {"username": "0ng", "subject": "M", "no": "M0023", "status": 1}}, {"model": "luogu.status", "pk": 10, "fields": {"username": "0ng", "subject": "M", "no": "M0024", "status": 1}}, {"model": "luogu.status", "pk": 11, "fields": {"username": "0ng", "subject": "M", "no": "M0025", "status": 1}}, {"model": "luogu.contributions", "pk": 1, "fields": {"username": "0ng", "date": "2020-06-18", "num": 21}}, {"model": "luogu.contributions", "pk": 2, "fields": {"username": "0ng", "date": "2020-06-19", "num": 3}}, {"model": "luogu.contributions", "pk": 3, "fields": {"username": "0ng", "date": "2020-06-20", "num": 9}}, {"model": "luogu.contributions", "pk": 4, "fields": {"username": "0ng", "date": "2020-06-21", "num": 10}}, {"model": "luogu.contributions", "pk": 5, "fields": {"username": "0ng", "date": "2020-06-23", "num": 3}}, {"model": "luogu.contributions", "pk": 6, "fields": {"username": "0ng", "date": "2020-06-24", "num": 1}}, {"model": "luogu.contributions", "pk": 7, "fields": {"username": "0ng", "date": "2020-06-25", "num": 14}}, {"model": "luogu.contributions", "pk": 8, "fields": {"username": "0ng", "date": "2020-06-26", "num": 2}}, {"model": "luogu.contributions", "pk": 9, "fields": {"username": "0ng", "date": "2020-06-27", "num": 14}}, {"model": "luogu.contributions", "pk": 10, "fields": {"username": "0ng", "date": "2020-06-30", "num": 1}}, {"model": "luogu.contributions", "pk": 11, "fields": {"username": "0ng", "date": "2020-07-01", "num": 2}}, {"model": "luogu.contributions", "pk": 12, "fields": {"username": "0ng", "date": "2020-07-02", "num": 53}}, {"model": "luogu.contributions", "pk": 13, "fields": {"username": "0ng", "date": "2020-07-03", "num": 1}}, {"model": "luogu.contributions", "pk": 14, "fields": {"username": "0ng", "date": "2020-08-05", "num": 17}}, {"model": "luogu.contributions", "pk": 15, "fields": {"username": "0ng", "date": "2020-08-09", "num": 1}}, {"model": "luogu.history", "pk": 1, "fields": {"username": "0ng", "question": 4, "status": 0, "date": "2020-06-18T14:45:34.685Z"}}, {"model": "luogu.history", "pk": 2, "fields": {"username": "0ng", "question": 3, "status": 0, "date": "2020-06-18T14:45:41.989Z"}}, {"model": "luogu.history", "pk": 3, "fields": {"username": "0ng", "question": 3, "status": 0, "date": "2020-06-18T14:46:16.941Z"}}, {"model": "luogu.history", "pk": 4, "fields": {"username": "0ng", "question": 3, "status": 0, "date": "2020-06-18T14:47:21.934Z"}}, {"model": "luogu.history", "pk": 5, "fields": {"username": "0ng", "question": 3, "status": 0, "date": "2020-06-18T14:47:22.425Z"}}, {"model": "luogu.history", "pk": 6, "fields": {"username": "0ng", "question": 3, "status": 0, "date": "2020-06-18T14:47:33.218Z"}}, {"model": "luogu.history", "pk": 7, "fields": {"username": "0ng", "question": 3, "status": 0, "date": "2020-06-18T14:48:03.719Z"}}, {"model": "luogu.history", "pk": 8, "fields": {"username": "0ng", "question": 3, "status": 0, "date": "2020-06-18T14:49:22.985Z"}}, {"model": "luogu.history", "pk": 9, "fields": {"username": "0ng", "question": 3, "status": 0, "date": "2020-06-18T14:49:40.864Z"}}, {"model": "luogu.history", "pk": 10, "fields": {"username": "0ng", "question": 3, "status": 0, "date": "2020-06-18T14:50:35.035Z"}}, {"model": "luogu.history", "pk": 11, "fields": {"username": "0ng", "question": 3, "status": 0, "date": "2020-06-18T14:51:07.240Z"}}, {"model": "luogu.history", "pk": 12, "fields": {"username": "0ng", "question": 2, "status": 0, "date": "2020-06-18T14:54:35.512Z"}}, {"model": "luogu.history", "pk": 13, "fields": {"username": "0ng", "question": 2, "status": 0, "date": "2020-06-18T14:55:11.156Z"}}, {"model": "luogu.history", "pk": 14, "fields": {"username": "0ng", "question": 2, "status": 0, "date": "2020-06-18T14:55:42.920Z"}}, {"model": "luogu.history", "pk": 15, "fields": {"username": "0ng", "question": 2, "status": 1, "date": "2020-06-18T14:56:36.042Z"}}, {"model": "luogu.history", "pk": 16, "fields": {"username": "0ng", "question": 2, "status": 1, "date": "2020-06-18T14:56:49.292Z"}}, {"model": "luogu.history", "pk": 17, "fields": {"username": "0ng", "question": 1, "status": 1, "date": "2020-06-18T16:51:20.975Z"}}, {"model": "luogu.history", "pk": 18, "fields": {"username": "0ng", "question": 2, "status": 1, "date": "2020-06-18T16:51:23.858Z"}}, {"model": "luogu.history", "pk": 19, "fields": {"username": "0ng", "question": 5, "status": 1, "date": "2020-06-19T02:43:45.365Z"}}, {"model": "luogu.history", "pk": 20, "fields": {"username": "0ng", "question": 5, "status": 0, "date": "2020-06-20T04:33:22.197Z"}}, {"model": "luogu.history", "pk": 21, "fields": {"username": "0ng", "question": 5, "status": 0, "date": "2020-06-20T04:33:23.970Z"}}, {"model": "luogu.history", "pk": 22, "fields": {"username": "0ng", "question": 5, "status": 0, "date": "2020-06-20T04:33:24.768Z"}}, {"model": "luogu.history", "pk": 23, "fields": {"username": "0ng", "question": 5, "status": 0, "date": "2020-06-20T04:33:25.680Z"}}, {"model": "luogu.history", "pk": 24, "fields": {"username": "0ng", "question": 5, "status": 0, "date": "2020-06-20T04:33:27.129Z"}}, {"model": "luogu.history", "pk": 25, "fields": {"username": "0ng", "question": 5, "status": 0, "date": "2020-06-20T04:33:28.252Z"}}, {"model": "luogu.history", "pk": 26, "fields": {"username": "0ng", "question": 5, "status": 0, "date": "2020-06-20T04:33:29.474Z"}}, {"model": "luogu.history", "pk": 27, "fields": {"username": "0ng", "question": 5, "status": 0, "date": "2020-06-20T04:33:30.483Z"}}, {"model": "luogu.history", "pk": 28, "fields": {"username": "0ng", "question": 5, "status": 0, "date": "2020-06-20T04:33:31.463Z"}}, {"model": "luogu.history", "pk": 29, "fields": {"username": "0ng", "question": 1, "status": 0, "date": "2020-06-21T09:24:59.222Z"}}, {"model": "luogu.history", "pk": 30, "fields": {"username": "0ng", "question": 2, "status": 0, "date": "2020-06-21T10:46:48.673Z"}}, {"model": "luogu.history", "pk": 31, "fields": {"username": "0ng", "question": 2, "status": 1, "date": "2020-06-21T10:46:50.326Z"}}, {"model": "luogu.history", "pk": 32, "fields": {"username": "0ng", "question": 2, "status": 0, "date": "2020-06-21T10:46:51.239Z"}}, {"model": "luogu.history", "pk": 33, "fields": {"username": "0ng", "question": 2, "status": 1, "date": "2020-06-21T10:46:52.492Z"}}, {"model": "luogu.history", "pk": 34, "fields": {"username": "0ng", "question": 2, "status": 0, "date": "2020-06-21T10:46:53.689Z"}}, {"model": "luogu.history", "pk": 35, "fields": {"username": "0ng", "question": 2, "status": 1, "date": "2020-06-21T10:46:54.894Z"}}, {"model": "luogu.history", "pk": 36, "fields": {"username": "0ng", "question": 2, "status": 0, "date": "2020-06-21T10:46:56.317Z"}}, {"model": "luogu.history", "pk": 37, "fields": {"username": "0ng", "question": 2, "status": 1, "date": "2020-06-21T10:46:57.460Z"}}, {"model": "luogu.history", "pk": 38, "fields": {"username": "0ng", "question": 2, "status": 1, "date": "2020-06-21T10:47:03.445Z"}}, {"model": "luogu.history", "pk": 39, "fields": {"username": "0ng", "question": 1, "status": 0, "date": "2020-06-23T11:04:45.349Z"}}, {"model": "luogu.history", "pk": 40, "fields": {"username": "0ng", "question": 7, "status": 0, "date": "2020-06-23T11:17:37.225Z"}}, {"model": "luogu.history", "pk": 41, "fields": {"username": "0ng", "question": 7, "status": 1, "date": "2020-06-23T11:17:39.049Z"}}, {"model": "luogu.history", "pk": 42, "fields": {"username": "0ng", "question": 1, "status": 1, "date": "2020-06-23T16:15:05.083Z"}}, {"model": "luogu.history", "pk": 43, "fields": {"username": "0ng", "question": 6, "status": 0, "date": "2020-06-25T10:52:57.942Z"}}, {"model": "luogu.history", "pk": 44, "fields": {"username": "0ng", "question": 6, "status": 1, "date": "2020-06-25T10:53:37.183Z"}}, {"model": "luogu.history", "pk": 45, "fields": {"username": "0ng", "question": 6, "status": 0, "date": "2020-06-25T10:54:35.246Z"}}, {"model": "luogu.history", "pk": 46, "fields": {"username": "0ng", "question": 6, "status": 0, "date": "2020-06-25T10:54:37.604Z"}}, {"model": "luogu.history", "pk": 47, "fields": {"username": "0ng", "question": 6, "status": 0, "date": "2020-06-25T10:54:43.236Z"}}, {"model": "luogu.history", "pk": 48, "fields": {"username": "0ng", "question": 6, "status": 0, "date": "2020-06-25T11:02:40.601Z"}}, {"model": "luogu.history", "pk": 49, "fields": {"username": "0ng", "question": 6, "status": 1, "date": "2020-06-25T11:05:44.331Z"}}, {"model": "luogu.history", "pk": 50, "fields": {"username": "0ng", "question": 6, "status": 0, "date": "2020-06-25T11:05:48.006Z"}}, {"model": "luogu.history", "pk": 51, "fields": {"username": "0ng", "question": 6, "status": 0, "date": "2020-06-25T11:08:17.118Z"}}, {"model": "luogu.history", "pk": 52, "fields": {"username": "0ng", "question": 6, "status": 0, "date": "2020-06-25T11:08:42.737Z"}}, {"model": "luogu.history", "pk": 53, "fields": {"username": "0ng", "question": 6, "status": 0, "date": "2020-06-25T11:10:05.792Z"}}, {"model": "luogu.history", "pk": 54, "fields": {"username": "0ng", "question": 6, "status": 0, "date": "2020-06-25T11:17:06.251Z"}}, {"model": "luogu.history", "pk": 55, "fields": {"username": "0ng", "question": 6, "status": 0, "date": "2020-06-25T11:18:07.518Z"}}, {"model": "luogu.history", "pk": 56, "fields": {"username": "0ng", "question": 6, "status": 0, "date": "2020-06-25T11:23:04.596Z"}}, {"model": "luogu.history", "pk": 57, "fields": {"username": "0ng", "question": 6, "status": 0, "date": "2020-06-26T07:35:20.561Z"}}, {"model": "luogu.history", "pk": 58, "fields": {"username": "0ng", "question": 1, "status": 1, "date": "2020-06-26T09:58:14.922Z"}}, {"model": "luogu.history", "pk": 59, "fields": {"username": "0ng", "question": 1, "status": 1, "date": "2020-06-27T07:37:06.383Z"}}, {"model": "luogu.history", "pk": 60, "fields": {"username": "0ng", "question": 9, "status": 1, "date": "2020-06-27T10:05:39.160Z"}}, {"model": "luogu.history", "pk": 61, "fields": {"username": "0ng", "question": 1, "status": 0, "date": "2020-06-27T14:34:04.951Z"}}, {"model": "luogu.history", "pk": 62, "fields": {"username": "0ng", "question": 1, "status": 1, "date": "2020-06-27T14:37:10.117Z"}}, {"model": "luogu.history", "pk": 63, "fields": {"username": "0ng", "question": 1, "status": 1, "date": "2020-06-27T14:37:54.343Z"}}, {"model": "luogu.history", "pk": 64, "fields": {"username": "0ng", "question": 1, "status": 1, "date": "2020-06-27T14:38:18.292Z"}}, {"model": "luogu.history", "pk": 65, "fields": {"username": "0ng", "question": 1, "status": 1, "date": "2020-06-27T14:38:24.072Z"}}, {"model": "luogu.history", "pk": 66, "fields": {"username": "0ng", "question": 1, "status": 1, "date": "2020-06-27T14:39:40.422Z"}}, {"model": "luogu.history", "pk": 67, "fields": {"username": "0ng", "question": 1, "status": 1, "date": "2020-06-27T14:39:48.811Z"}}, {"model": "luogu.history", "pk": 68, "fields": {"username": "0ng", "question": 1, "status": 1, "date": "2020-06-27T14:39:54.753Z"}}, {"model": "luogu.history", "pk": 69, "fields": {"username": "0ng", "question": 1, "status": 1, "date": "2020-06-27T14:41:09.655Z"}}, {"model": "luogu.history", "pk": 70, "fields": {"username": "0ng", "question": 1, "status": 1, "date": "2020-06-27T14:42:12.929Z"}}, {"model": "luogu.history", "pk": 71, "fields": {"username": "0ng", "question": 1, "status": 1, "date": "2020-06-27T14:43:32.428Z"}}, {"model": "luogu.history", "pk": 72, "fields": {"username": "0ng", "question": 1, "status": 1, "date": "2020-06-27T14:44:01.128Z"}}, {"model": "luogu.history", "pk": 73, "fields": {"username": "0ng", "question": 9, "status": 1, "date": "2020-06-30T05:53:23.980Z"}}, {"model": "luogu.history", "pk": 74, "fields": {"username": "0ng", "question": 3, "status": 1, "date": "2020-07-01T07:10:52.927Z"}}, {"model": "luogu.history", "pk": 75, "fields": {"username": "0ng", "question": 1, "status": 1, "date": "2020-07-01T07:32:17.151Z"}}, {"model": "luogu.history", "pk": 76, "fields": {"username": "0ng", "question": 1, "status": 0, "date": "2020-07-01T16:24:42.031Z"}}, {"model": "luogu.history", "pk": 77, "fields": {"username": "0ng", "question": 1, "status": 0, "date": "2020-07-01T16:25:02.360Z"}}, {"model": "luogu.history", "pk": 78, "fields": {"username": "0ng", "question": 1, "status": 0, "date": "2020-07-01T16:25:19.126Z"}}, {"model": "luogu.history", "pk": 79, "fields": {"username": "0ng", "question": 1, "status": 0, "date": "2020-07-01T16:28:00.711Z"}}, {"model": "luogu.history", "pk": 80, "fields": {"username": "0ng", "question": 1, "status": 0, "date": "2020-07-02T01:40:26.921Z"}}, {"model": "luogu.history", "pk": 81, "fields": {"username": "0ng", "question": 1, "status": 0, "date": "2020-07-02T01:41:19.265Z"}}, {"model": "luogu.history", "pk": 82, "fields": {"username": "0ng", "question": 1, "status": 0, "date": "2020-07-02T01:41:33.690Z"}}, {"model": "luogu.history", "pk": 83, "fields": {"username": "0ng", "question": 9, "status": 0, "date": "2020-07-02T01:42:05.286Z"}}, {"model": "luogu.history", "pk": 84, "fields": {"username": "0ng", "question": 23, "status": 0, "date": "2020-07-02T01:44:36.770Z"}}, {"model": "luogu.history", "pk": 85, "fields": {"username": "0ng", "question": 1, "status": 0, "date": "2020-07-02T06:02:32.057Z"}}, {"model": "luogu.history", "pk": 86, "fields": {"username": "0ng", "question": 1, "status": 0, "date": "2020-07-02T06:02:35.791Z"}}, {"model": "luogu.history", "pk": 87, "fields": {"username": "0ng", "question": 1, "status": 0, "date": "2020-07-02T06:02:50.379Z"}}, {"model": "luogu.history", "pk": 88, "fields": {"username": "0ng", "question": 1, "status": 0, "date": "2020-07-02T06:04:14.046Z"}}, {"model": "luogu.history", "pk": 89, "fields": {"username": "0ng", "question": 1, "status": 1, "date": "2020-07-02T06:04:27.163Z"}}, {"model": "luogu.history", "pk": 90, "fields": {"username": "0ng", "question": 1, "status": 1, "date": "2020-07-02T06:07:07.130Z"}}, {"model": "luogu.history", "pk": 91, "fields": {"username": "0ng", "question": 1, "status": 0, "date": "2020-07-02T06:07:45.435Z"}}, {"model": "luogu.history", "pk": 92, "fields": {"username": "0ng", "question": 1, "status": 1, "date": "2020-07-02T06:07:50.088Z"}}, {"model": "luogu.history", "pk": 93, "fields": {"username": "0ng", "question": 1, "status": 1, "date": "2020-07-02T06:08:17.422Z"}}, {"model": "luogu.history", "pk": 94, "fields": {"username": "0ng", "question": 1, "status": 1, "date": "2020-07-02T06:11:45.775Z"}}, {"model": "luogu.history", "pk": 95, "fields": {"username": "0ng", "question": 1, "status": 0, "date": "2020-07-02T06:12:13.239Z"}}, {"model": "luogu.history", "pk": 96, "fields": {"username": "0ng", "question": 1, "status": 0, "date": "2020-07-02T06:15:45.612Z"}}, {"model": "luogu.history", "pk": 97, "fields": {"username": "0ng", "question": 1, "status": 1, "date": "2020-07-02T06:15:58.285Z"}}, {"model": "luogu.history", "pk": 98, "fields": {"username": "0ng", "question": 1, "status": 1, "date": "2020-07-02T06:16:35.517Z"}}, {"model": "luogu.history", "pk": 99, "fields": {"username": "0ng", "question": 1, "status": 0, "date": "2020-07-02T06:18:46.685Z"}}, {"model": "luogu.history", "pk": 100, "fields": {"username": "0ng", "question": 1, "status": 0, "date": "2020-07-02T06:19:40.348Z"}}, {"model": "luogu.history", "pk": 101, "fields": {"username": "0ng", "question": 1, "status": 0, "date": "2020-07-02T06:20:07.930Z"}}, {"model": "luogu.history", "pk": 102, "fields": {"username": "0ng", "question": 1, "status": 0, "date": "2020-07-02T06:20:17.127Z"}}, {"model": "luogu.history", "pk": 103, "fields": {"username": "0ng", "question": 1, "status": 0, "date": "2020-07-02T06:32:58.317Z"}}, {"model": "luogu.history", "pk": 104, "fields": {"username": "0ng", "question": 1, "status": 1, "date": "2020-07-02T06:33:42.819Z"}}, {"model": "luogu.history", "pk": 105, "fields": {"username": "0ng", "question": 1, "status": 1, "date": "2020-07-02T06:34:33.871Z"}}, {"model": "luogu.history", "pk": 106, "fields": {"username": "0ng", "question": 1, "status": 1, "date": "2020-07-02T06:34:41.528Z"}}, {"model": "luogu.history", "pk": 107, "fields": {"username": "0ng", "question": 1, "status": 1, "date": "2020-07-02T06:35:13.855Z"}}, {"model": "luogu.history", "pk": 108, "fields": {"username": "0ng", "question": 1, "status": 0, "date": "2020-07-02T06:36:21.248Z"}}, {"model": "luogu.history", "pk": 109, "fields": {"username": "0ng", "question": 1, "status": 1, "date": "2020-07-02T06:36:45.003Z"}}, {"model": "luogu.history", "pk": 110, "fields": {"username": "0ng", "question": 1, "status": 0, "date": "2020-07-02T06:36:49.182Z"}}, {"model": "luogu.history", "pk": 111, "fields": {"username": "0ng", "question": 1, "status": 0, "date": "2020-07-02T06:37:18.372Z"}}, {"model": "luogu.history", "pk": 112, "fields": {"username": "0ng", "question": 9, "status": 0, "date": "2020-07-02T06:37:44.658Z"}}, {"model": "luogu.history", "pk": 113, "fields": {"username": "0ng", "question": 24, "status": 0, "date": "2020-07-02T06:39:29.047Z"}}, {"model": "luogu.history", "pk": 114, "fields": {"username": "0ng", "question": 24, "status": 0, "date": "2020-07-02T06:41:57.171Z"}}, {"model": "luogu.history", "pk": 115, "fields": {"username": "0ng", "question": 24, "status": 0, "date": "2020-07-02T06:42:51.772Z"}}, {"model": "luogu.history", "pk": 116, "fields": {"username": "0ng", "question": 24, "status": 0, "date": "2020-07-02T06:43:20.388Z"}}, {"model": "luogu.history", "pk": 117, "fields": {"username": "0ng", "question": 24, "status": 0, "date": "2020-07-02T06:43:31.253Z"}}, {"model": "luogu.history", "pk": 118, "fields": {"username": "0ng", "question": 24, "status": 0, "date": "2020-07-02T06:43:38.293Z"}}, {"model": "luogu.history", "pk": 119, "fields": {"username": "0ng", "question": 24, "status": 0, "date": "2020-07-02T06:43:59.692Z"}}, {"model": "luogu.history", "pk": 120, "fields": {"username": "0ng", "question": 24, "status": 0, "date": "2020-07-02T06:52:09.941Z"}}, {"model": "luogu.history", "pk": 121, "fields": {"username": "0ng", "question": 24, "status": 0, "date": "2020-07-02T06:53:08.178Z"}}, {"model": "luogu.history", "pk": 122, "fields": {"username": "0ng", "question": 24, "status": 1, "date": "2020-07-02T06:53:24.227Z"}}, {"model": "luogu.history", "pk": 123, "fields": {"username": "0ng", "question": 24, "status": 1, "date": "2020-07-02T06:54:19.604Z"}}, {"model": "luogu.history", "pk": 124, "fields": {"username": "0ng", "question": 24, "status": 0, "date": "2020-07-02T07:07:28.730Z"}}, {"model": "luogu.history", "pk": 125, "fields": {"username": "0ng", "question": 24, "status": 1, "date": "2020-07-02T07:07:39.341Z"}}, {"model": "luogu.history", "pk": 126, "fields": {"username": "0ng", "question": 24, "status": 0, "date": "2020-07-02T07:07:42.262Z"}}, {"model": "luogu.history", "pk": 127, "fields": {"username": "0ng", "question": 23, "status": 1, "date": "2020-07-02T07:27:46.733Z"}}, {"model": "luogu.history", "pk": 128, "fields": {"username": "0ng", "question": 1, "status": 1, "date": "2020-07-02T07:30:52.396Z"}}, {"model": "luogu.history", "pk": 129, "fields": {"username": "0ng", "question": 9, "status": 1, "date": "2020-07-03T01:02:05.256Z"}}, {"model": "luogu.history", "pk": 130, "fields": {"username": "0ng", "question": 1, "status": 0, "date": "2020-08-05T03:00:47.723Z"}}, {"model": "luogu.history", "pk": 131, "fields": {"username": "0ng", "question": 5, "status": 0, "date": "2020-08-05T03:05:54.572Z"}}, {"model": "luogu.history", "pk": 132, "fields": {"username": "0ng", "question": 5, "status": 0, "date": "2020-08-05T03:06:31.279Z"}}, {"model": "luogu.history", "pk": 133, "fields": {"username": "0ng", "question": 1, "status": 0, "date": "2020-08-05T03:19:05.304Z"}}, {"model": "luogu.history", "pk": 134, "fields": {"username": "0ng", "question": 1, "status": 0, "date": "2020-08-05T03:37:50.113Z"}}, {"model": "luogu.history", "pk": 135, "fields": {"username": "0ng", "question": 9, "status": 0, "date": "2020-08-05T05:48:48.935Z"}}, {"model": "luogu.history", "pk": 136, "fields": {"username": "0ng", "question": 1, "status": 0, "date": "2020-08-05T06:16:57.683Z"}}, {"model": "luogu.history", "pk": 137, "fields": {"username": "0ng", "question": 1, "status": 1, "date": "2020-08-05T09:40:15.031Z"}}, {"model": "luogu.history", "pk": 138, "fields": {"username": "0ng", "question": 1, "status": 1, "date": "2020-08-05T09:41:47.849Z"}}, {"model": "luogu.history", "pk": 139, "fields": {"username": "0ng", "question": 1, "status": 0, "date": "2020-08-05T09:41:58.663Z"}}, {"model": "luogu.history", "pk": 140, "fields": {"username": "0ng", "question": 1, "status": 1, "date": "2020-08-05T09:42:22.003Z"}}, {"model": "luogu.history", "pk": 141, "fields": {"username": "0ng", "question": 1, "status": 0, "date": "2020-08-05T09:43:24.911Z"}}, {"model": "luogu.history", "pk": 142, "fields": {"username": "0ng", "question": 1, "status": 0, "date": "2020-08-05T09:50:48.257Z"}}, {"model": "luogu.history", "pk": 143, "fields": {"username": "0ng", "question": 1, "status": 0, "date": "2020-08-05T12:42:52.847Z"}}, {"model": "luogu.history", "pk": 144, "fields": {"username": "0ng", "question": 1, "status": 1, "date": "2020-08-05T12:43:05.222Z"}}, {"model": "luogu.history", "pk": 145, "fields": {"username": "0ng", "question": 1, "status": 1, "date": "2020-08-05T14:05:33.332Z"}}, {"model": "luogu.history", "pk": 146, "fields": {"username": "0ng", "question": 25, "status": 1, "date": "2020-08-05T14:20:41.435Z"}}, {"model": "luogu.history", "pk": 147, "fields": {"username": "0ng", "question": 1, "status": 1, "date": "2020-08-09T06:41:04.085Z"}}, {"model": "blog.category", "pk": 1, "fields": {"name": "Valerian", "index": 999}}, {"model": "blog.category", "pk": 2, "fields": {"name": "\u51e0\u4f55", "index": 999}}, {"model": "blog.category", "pk": 3, "fields": {"name": "\u6570\u5b66", "index": 999}}, {"model": "blog.tag", "pk": 1, "fields": {"name": "Valerian"}}, {"model": "blog.tag", "pk": 2, "fields": {"name": "\u51e0\u4f55"}}, {"model": "blog.tag", "pk": 3, "fields": {"name": "\u6570\u5b66"}}, {"model": "blog.tui", "pk": 1, "fields": {"name": "1"}}, {"model": "blog.tui", "pk": 2, "fields": {"name": "2"}}, {"model": "blog.banner", "pk": 7, "fields": {"text_info": "\u8001\u6c99", "img": "banner/1.jpg", "link_url": "https://blog.csdn.net/weixin_43804251", "is_active": true}}, {"model": "blog.banner", "pk": 8, "fields": {"text_info": "\u85e4\u864e", "img": "banner/2.jpg", "link_url": "https://blog.csdn.net/weixin_43804251", "is_active": true}}, {"model": "blog.banner", "pk": 9, "fields": {"text_info": "\u4f69\u7f57\u5a1c", "img": "banner/3.jpg", "link_url": "https://blog.csdn.net/weixin_43804251", "is_active": true}}, {"model": "blog.banner", "pk": 10, "fields": {"text_info": "\u660e\u54e5", "img": "banner/4.jpg", "link_url": "https://blog.csdn.net/weixin_43804251", "is_active": true}}, {"model": "blog.banner", "pk": 11, "fields": {"text_info": "\u5c0f\u9a6c\u54e5", "img": "banner/5.jpg", "link_url": "https://blog.csdn.net/weixin_43804251", "is_active": true}}, {"model": "blog.banner", "pk": 12, "fields": {"text_info": "\u5e0c\u7559", "img": "banner/6.jpg", "link_url": "https://blog.csdn.net/weixin_43804251", "is_active": true}}, {"model": "blog.banner", "pk": 13, "fields": {"text_info": "\u827e\u5c3c\u8def", "img": "banner/7.jpg", "link_url": "https://blog.csdn.net/weixin_43804251", "is_active": true}}, {"model": "blog.banner", "pk": 14, "fields": {"text_info": "\u7f57\u5bbe", "img": "banner/8.jpg", "link_url": "https://blog.csdn.net/weixin_43804251", "is_active": true}}, {"model": "blog.banner", "pk": 15, "fields": {"text_info": "\u9752\u96c9", "img": "banner/9.jpg", "link_url": "https://blog.csdn.net/weixin_43804251", "is_active": true}}, {"model": "blog.banner", "pk": 16, "fields": {"text_info": "\u96f7\u5229", "img": "banner/10.jpg", "link_url": "https://blog.csdn.net/weixin_43804251", "is_active": true}}, {"model": "blog.banner", "pk": 17, "fields": {"text_info": "\u9ea6\u54f2\u4f26", "img": "banner/11.jpg", "link_url": "https://blog.csdn.net/weixin_43804251", "is_active": true}}, {"model": "blog.banner", "pk": 18, "fields": {"text_info": "\u7ea2\u72d7", "img": "banner/12.jpg", "link_url": "https://blog.csdn.net/weixin_43804251", "is_active": true}}, {"model": "blog.banner", "pk": 19, "fields": {"text_info": "\u827e\u65af", "img": "banner/13.jpg", "link_url": "https://blog.csdn.net/weixin_43804251", "is_active": true}}, {"model": "blog.banner", "pk": 20, "fields": {"text_info": "\u9ec4\u733f", "img": "banner/14.jpg", "link_url": "https://blog.csdn.net/weixin_43804251", "is_active": true}}, {"model": "blog.banner", "pk": 21, "fields": {"text_info": "\u5c71\u8d3c\u738b", "img": "banner/15.png", "link_url": "https://blog.csdn.net/weixin_43804251", "is_active": true}}, {"model": "blog.link", "pk": 1, "fields": {"name": "Valerian", "linkurl": "http://www.abc.com"}}, {"model": "auth.permission", "pk": 1, "fields": {"name": "Can add log entry", "content_type": 1, "codename": "add_logentry"}}, {"model": "auth.permission", "pk": 2, "fields": {"name": "Can change log entry", "content_type": 1, "codename": "change_logentry"}}, {"model": "auth.permission", "pk": 3, "fields": {"name": "Can delete log entry", "content_type": 1, "codename": "delete_logentry"}}, {"model": "auth.permission", "pk": 4, "fields": {"name": "Can view log entry", "content_type": 1, "codename": "view_logentry"}}, {"model": "auth.permission", "pk": 5, "fields": {"name": "Can add permission", "content_type": 2, "codename": "add_permission"}}, {"model": "auth.permission", "pk": 6, "fields": {"name": "Can change permission", "content_type": 2, "codename": "change_permission"}}, {"model": "auth.permission", "pk": 7, "fields": {"name": "Can delete permission", "content_type": 2, "codename": "delete_permission"}}, {"model": "auth.permission", "pk": 8, "fields": {"name": "Can view permission", "content_type": 2, "codename": "view_permission"}}, {"model": "auth.permission", "pk": 9, "fields": {"name": "Can add group", "content_type": 3, "codename": "add_group"}}, {"model": "auth.permission", "pk": 10, "fields": {"name": "Can change group", "content_type": 3, "codename": "change_group"}}, {"model": "auth.permission", "pk": 11, "fields": {"name": "Can delete group", "content_type": 3, "codename": "delete_group"}}, {"model": "auth.permission", "pk": 12, "fields": {"name": "Can view group", "content_type": 3, "codename": "view_group"}}, {"model": "auth.permission", "pk": 13, "fields": {"name": "Can add user", "content_type": 4, "codename": "add_user"}}, {"model": "auth.permission", "pk": 14, "fields": {"name": "Can change user", "content_type": 4, "codename": "change_user"}}, {"model": "auth.permission", "pk": 15, "fields": {"name": "Can delete user", "content_type": 4, "codename": "delete_user"}}, {"model": "auth.permission", "pk": 16, "fields": {"name": "Can view user", "content_type": 4, "codename": "view_user"}}, {"model": "auth.permission", "pk": 17, "fields": {"name": "Can add content type", "content_type": 5, "codename": "add_contenttype"}}, {"model": "auth.permission", "pk": 18, "fields": {"name": "Can change content type", "content_type": 5, "codename": "change_contenttype"}}, {"model": "auth.permission", "pk": 19, "fields": {"name": "Can delete content type", "content_type": 5, "codename": "delete_contenttype"}}, {"model": "auth.permission", "pk": 20, "fields": {"name": "Can view content type", "content_type": 5, "codename": "view_contenttype"}}, {"model": "auth.permission", "pk": 21, "fields": {"name": "Can add session", "content_type": 6, "codename": "add_session"}}, {"model": "auth.permission", "pk": 22, "fields": {"name": "Can change session", "content_type": 6, "codename": "change_session"}}, {"model": "auth.permission", "pk": 23, "fields": {"name": "Can delete session", "content_type": 6, "codename": "delete_session"}}, {"model": "auth.permission", "pk": 24, "fields": {"name": "Can view session", "content_type": 6, "codename": "view_session"}}, {"model": "auth.permission", "pk": 25, "fields": {"name": "Can add contributions", "content_type": 7, "codename": "add_contributions"}}, {"model": "auth.permission", "pk": 26, "fields": {"name": "Can change contributions", "content_type": 7, "codename": "change_contributions"}}, {"model": "auth.permission", "pk": 27, "fields": {"name": "Can delete contributions", "content_type": 7, "codename": "delete_contributions"}}, {"model": "auth.permission", "pk": 28, "fields": {"name": "Can view contributions", "content_type": 7, "codename": "view_contributions"}}, {"model": "auth.permission", "pk": 29, "fields": {"name": "Can add status", "content_type": 8, "codename": "add_status"}}, {"model": "auth.permission", "pk": 30, "fields": {"name": "Can change status", "content_type": 8, "codename": "change_status"}}, {"model": "auth.permission", "pk": 31, "fields": {"name": "Can delete status", "content_type": 8, "codename": "delete_status"}}, {"model": "auth.permission", "pk": 32, "fields": {"name": "Can view status", "content_type": 8, "codename": "view_status"}}, {"model": "auth.permission", "pk": 33, "fields": {"name": "Can add tag", "content_type": 9, "codename": "add_tag"}}, {"model": "auth.permission", "pk": 34, "fields": {"name": "Can change tag", "content_type": 9, "codename": "change_tag"}}, {"model": "auth.permission", "pk": 35, "fields": {"name": "Can delete tag", "content_type": 9, "codename": "delete_tag"}}, {"model": "auth.permission", "pk": 36, "fields": {"name": "Can view tag", "content_type": 9, "codename": "view_tag"}}, {"model": "auth.permission", "pk": 37, "fields": {"name": "Can add question", "content_type": 10, "codename": "add_question"}}, {"model": "auth.permission", "pk": 38, "fields": {"name": "Can change question", "content_type": 10, "codename": "change_question"}}, {"model": "auth.permission", "pk": 39, "fields": {"name": "Can delete question", "content_type": 10, "codename": "delete_question"}}, {"model": "auth.permission", "pk": 40, "fields": {"name": "Can view question", "content_type": 10, "codename": "view_question"}}, {"model": "auth.permission", "pk": 41, "fields": {"name": "Can add my user", "content_type": 11, "codename": "add_myuser"}}, {"model": "auth.permission", "pk": 42, "fields": {"name": "Can change my user", "content_type": 11, "codename": "change_myuser"}}, {"model": "auth.permission", "pk": 43, "fields": {"name": "Can delete my user", "content_type": 11, "codename": "delete_myuser"}}, {"model": "auth.permission", "pk": 44, "fields": {"name": "Can view my user", "content_type": 11, "codename": "view_myuser"}}, {"model": "auth.permission", "pk": 45, "fields": {"name": "Can add history", "content_type": 12, "codename": "add_history"}}, {"model": "auth.permission", "pk": 46, "fields": {"name": "Can change history", "content_type": 12, "codename": "change_history"}}, {"model": "auth.permission", "pk": 47, "fields": {"name": "Can delete history", "content_type": 12, "codename": "delete_history"}}, {"model": "auth.permission", "pk": 48, "fields": {"name": "Can view history", "content_type": 12, "codename": "view_history"}}, {"model": "auth.permission", "pk": 49, "fields": {"name": "Can add \u8f6e\u64ad\u56fe", "content_type": 13, "codename": "add_banner"}}, {"model": "auth.permission", "pk": 50, "fields": {"name": "Can change \u8f6e\u64ad\u56fe", "content_type": 13, "codename": "change_banner"}}, {"model": "auth.permission", "pk": 51, "fields": {"name": "Can delete \u8f6e\u64ad\u56fe", "content_type": 13, "codename": "delete_banner"}}, {"model": "auth.permission", "pk": 52, "fields": {"name": "Can view \u8f6e\u64ad\u56fe", "content_type": 13, "codename": "view_banner"}}, {"model": "auth.permission", "pk": 53, "fields": {"name": "Can add \u535a\u5ba2\u5206\u7c7b", "content_type": 14, "codename": "add_category"}}, {"model": "auth.permission", "pk": 54, "fields": {"name": "Can change \u535a\u5ba2\u5206\u7c7b", "content_type": 14, "codename": "change_category"}}, {"model": "auth.permission", "pk": 55, "fields": {"name": "Can delete \u535a\u5ba2\u5206\u7c7b", "content_type": 14, "codename": "delete_category"}}, {"model": "auth.permission", "pk": 56, "fields": {"name": "Can view \u535a\u5ba2\u5206\u7c7b", "content_type": 14, "codename": "view_category"}}, {"model": "auth.permission", "pk": 57, "fields": {"name": "Can add \u53cb\u60c5\u94fe\u63a5", "content_type": 15, "codename": "add_link"}}, {"model": "auth.permission", "pk": 58, "fields": {"name": "Can change \u53cb\u60c5\u94fe\u63a5", "content_type": 15, "codename": "change_link"}}, {"model": "auth.permission", "pk": 59, "fields": {"name": "Can delete \u53cb\u60c5\u94fe\u63a5", "content_type": 15, "codename": "delete_link"}}, {"model": "auth.permission", "pk": 60, "fields": {"name": "Can view \u53cb\u60c5\u94fe\u63a5", "content_type": 15, "codename": "view_link"}}, {"model": "auth.permission", "pk": 61, "fields": {"name": "Can add \u6587\u7ae0\u6807\u7b7e", "content_type": 16, "codename": "add_tag"}}, {"model": "auth.permission", "pk": 62, "fields": {"name": "Can change \u6587\u7ae0\u6807\u7b7e", "content_type": 16, "codename": "change_tag"}}, {"model": "auth.permission", "pk": 63, "fields": {"name": "Can delete \u6587\u7ae0\u6807\u7b7e", "content_type": 16, "codename": "delete_tag"}}, {"model": "auth.permission", "pk": 64, "fields": {"name": "Can view \u6587\u7ae0\u6807\u7b7e", "content_type": 16, "codename": "view_tag"}}, {"model": "auth.permission", "pk": 65, "fields": {"name": "Can add \u63a8\u8350\u4f4d", "content_type": 17, "codename": "add_tui"}}, {"model": "auth.permission", "pk": 66, "fields": {"name": "Can change \u63a8\u8350\u4f4d", "content_type": 17, "codename": "change_tui"}}, {"model": "auth.permission", "pk": 67, "fields": {"name": "Can delete \u63a8\u8350\u4f4d", "content_type": 17, "codename": "delete_tui"}}, {"model": "auth.permission", "pk": 68, "fields": {"name": "Can view \u63a8\u8350\u4f4d", "content_type": 17, "codename": "view_tui"}}, {"model": "auth.permission", "pk": 69, "fields": {"name": "Can add \u6587\u7ae0", "content_type": 18, "codename": "add_article"}}, {"model": "auth.permission", "pk": 70, "fields": {"name": "Can change \u6587\u7ae0", "content_type": 18, "codename": "change_article"}}, {"model": "auth.permission", "pk": 71, "fields": {"name": "Can delete \u6587\u7ae0", "content_type": 18, "codename": "delete_article"}}, {"model": "auth.permission", "pk": 72, "fields": {"name": "Can view \u6587\u7ae0", "content_type": 18, "codename": "view_article"}}, {"model": "auth.permission", "pk": 73, "fields": {"name": "Can add bookmark", "content_type": 19, "codename": "add_bookmark"}}, {"model": "auth.permission", "pk": 74, "fields": {"name": "Can change bookmark", "content_type": 19, "codename": "change_bookmark"}}, {"model": "auth.permission", "pk": 75, "fields": {"name": "Can delete bookmark", "content_type": 19, "codename": "delete_bookmark"}}, {"model": "auth.permission", "pk": 76, "fields": {"name": "Can view bookmark", "content_type": 19, "codename": "view_bookmark"}}, {"model": "auth.permission", "pk": 77, "fields": {"name": "Can add pinned application", "content_type": 20, "codename": "add_pinnedapplication"}}, {"model": "auth.permission", "pk": 78, "fields": {"name": "Can change pinned application", "content_type": 20, "codename": "change_pinnedapplication"}}, {"model": "auth.permission", "pk": 79, "fields": {"name": "Can delete pinned application", "content_type": 20, "codename": "delete_pinnedapplication"}}, {"model": "auth.permission", "pk": 80, "fields": {"name": "Can view pinned application", "content_type": 20, "codename": "view_pinnedapplication"}}, {"model": "auth.permission", "pk": 81, "fields": {"name": "Can add user dashboard module", "content_type": 21, "codename": "add_userdashboardmodule"}}, {"model": "auth.permission", "pk": 82, "fields": {"name": "Can change user dashboard module", "content_type": 21, "codename": "change_userdashboardmodule"}}, {"model": "auth.permission", "pk": 83, "fields": {"name": "Can delete user dashboard module", "content_type": 21, "codename": "delete_userdashboardmodule"}}, {"model": "auth.permission", "pk": 84, "fields": {"name": "Can view user dashboard module", "content_type": 21, "codename": "view_userdashboardmodule"}}, {"model": "auth.permission", "pk": 85, "fields": {"name": "Can add note", "content_type": 22, "codename": "add_note"}}, {"model": "auth.permission", "pk": 86, "fields": {"name": "Can change note", "content_type": 22, "codename": "change_note"}}, {"model": "auth.permission", "pk": 87, "fields": {"name": "Can delete note", "content_type": 22, "codename": "delete_note"}}, {"model": "auth.permission", "pk": 88, "fields": {"name": "Can view note", "content_type": 22, "codename": "view_note"}}, {"model": "auth.permission", "pk": 89, "fields": {"name": "Can add note", "content_type": 23, "codename": "add_note"}}, {"model": "auth.permission", "pk": 90, "fields": {"name": "Can change note", "content_type": 23, "codename": "change_note"}}, {"model": "auth.permission", "pk": 91, "fields": {"name": "Can delete note", "content_type": 23, "codename": "delete_note"}}, {"model": "auth.permission", "pk": 92, "fields": {"name": "Can view note", "content_type": 23, "codename": "view_note"}}, {"model": "auth.user", "pk": 1, "fields": {"password": "pbkdf2_sha256$150000$cYIddnqV1y47$X4wmQUoPPUvdr0fxWBiMuVz8/0ANbZbtgtBwoNHO7ns=", "last_login": "2020-08-09T06:49:25.283Z", "is_superuser": true, "username": "0ng", "first_name": "", "last_name": "", "email": "123qwe@qq.com", "is_staff": true, "is_active": true, "date_joined": "2020-06-18T13:57:00Z", "groups": [], "user_permissions": []}}, {"model": "auth.user", "pk": 2, "fields": {"password": "pbkdf2_sha256$150000$rpc1RSJKr8dI$Rtcw/49sSGIHu7Nhs3aQKf+xu27TMTqh/I9Fa0gXsX4=", "last_login": "2020-06-18T14:53:30.075Z", "is_superuser": true, "username": "0-ng", "first_name": "", "last_name": "", "email": "", "is_staff": true, "is_active": true, "date_joined": "2020-06-18T14:12:19.140Z", "groups": [], "user_permissions": []}}, {"model": "auth.user", "pk": 3, "fields": {"password": "pbkdf2_sha256$150000$xKlyzLSeI5L1$OuJXaTRrYgNQuu+sJ4knfo+1zZT6PcwBRK5GfjLhXuw=", "last_login": null, "is_superuser": false, "username": "0ng123", "first_name": "", "last_name": "", "email": "123qwe@qq.com", "is_staff": false, "is_active": true, "date_joined": "2020-06-20T04:20:15.560Z", "groups": [], "user_permissions": []}}, {"model": "auth.user", "pk": 4, "fields": {"password": "pbkdf2_sha256$150000$F86Mwpcs97FL$T8/1X2g18n6MJ3Xn0gBf6MCTwJh7lKZ0qELgQuQKcqk=", "last_login": "2020-06-21T10:26:42.667Z", "is_superuser": false, "username": "123qwe", "first_name": "", "last_name": "", "email": "123qwe@qq.com", "is_staff": false, "is_active": true, "date_joined": "2020-06-21T10:26:30.940Z", "groups": [], "user_permissions": []}}, {"model": "auth.user", "pk": 5, "fields": {"password": "pbkdf2_sha256$150000$TOp0n7CSAibA$qpUInsEPvAtvv4aBZsMOhGuch1qKq/2gr7rtHuKWjEA=", "last_login": null, "is_superuser": false, "username": "213", "first_name": "", "last_name": "", "email": "", "is_staff": false, "is_active": true, "date_joined": "2020-06-21T10:29:31.959Z", "groups": [], "user_permissions": []}}, {"model": "auth.user", "pk": 6, "fields": {"password": "pbkdf2_sha256$150000$gGARN9r41bGG$07WjgN/4+AZH4srr04KsmCASVPApntCTypKr8mZ31fA=", "last_login": null, "is_superuser": false, "username": "0ng123123", "first_name": "", "last_name": "", "email": "", "is_staff": false, "is_active": true, "date_joined": "2020-06-21T10:36:26.447Z", "groups": [], "user_permissions": []}}, {"model": "auth.user", "pk": 7, "fields": {"password": "pbkdf2_sha256$150000$8mw0D7QpE6vI$UC+e9jyLD2NRUJ40gNHkp2Fejaf9nlLdSmbeXufNAlI=", "last_login": "2020-06-21T10:37:54.993Z", "is_superuser": false, "username": "0ng1231231232132", "first_name": "", "last_name": "", "email": "", "is_staff": false, "is_active": true, "date_joined": "2020-06-21T10:37:35.078Z", "groups": [], "user_permissions": []}}, {"model": "auth.user", "pk": 8, "fields": {"password": "pbkdf2_sha256$150000$m9brwYpxaFtt$1kdlbV5WANMSDbL81v0GmqTILWKALuFwAY6K7GVg8UQ=", "last_login": null, "is_superuser": false, "username": "0ngqweq", "first_name": "", "last_name": "", "email": "", "is_staff": false, "is_active": true, "date_joined": "2020-07-01T08:03:59.822Z", "groups": [], "user_permissions": []}}, {"model": "auth.user", "pk": 9, "fields": {"password": "pbkdf2_sha256$150000$3Ej9USh70eCe$7q3k/QYFJuEEBXSSDkzUmgu6dzo+XkHSgczpwo0G8Iw=", "last_login": null, "is_superuser": false, "username": "0ng123q2eqew", "first_name": "", "last_name": "", "email": "", "is_staff": false, "is_active": true, "date_joined": "2020-07-01T08:05:02.041Z", "groups": [], "user_permissions": []}}, {"model": "auth.user", "pk": 10, "fields": {"password": "pbkdf2_sha256$150000$CyBTDCPNcSdq$hwR8crfMMZJHa/zNCyX/ny/g7/hgqa0gX44wx6Fp/I4=", "last_login": null, "is_superuser": false, "username": "123\u7b7e\u4e3a23", "first_name": "", "last_name": "", "email": "1427508598@qq.com", "is_staff": false, "is_active": true, "date_joined": "2020-08-09T06:43:07.536Z", "groups": [], "user_permissions": []}}, {"model": "auth.user", "pk": 11, "fields": {"password": "pbkdf2_sha256$150000$GooNkiSS3Zd2$7KXxh+3tFfjMdi8X2MCsdTw3mmuoo9xbL9PCc1NzEi8=", "last_login": null, "is_superuser": false, "username": "123qweqweqwe", "first_name": "", "last_name": "", "email": "1427508598@qq.com", "is_staff": false, "is_active": true, "date_joined": "2020-08-09T06:46:54.958Z", "groups": [], "user_permissions": []}}, {"model": "luogu.myuser", "pk": 1, "fields": {"user": 1, "motto": "", "region": ""}}, {"model": "luogu.myuser", "pk": 2, "fields": {"user": 3, "motto": "", "region": ""}}, {"model": "luogu.myuser", "pk": 3, "fields": {"user": 4, "motto": "", "region": ""}}, {"model": "luogu.myuser", "pk": 4, "fields": {"user": 5, "motto": "", "region": ""}}, {"model": "luogu.myuser", "pk": 5, "fields": {"user": 6, "motto": "", "region": ""}}, {"model": "luogu.myuser", "pk": 6, "fields": {"user": 7, "motto": "", "region": ""}}, {"model": "luogu.myuser", "pk": 7, "fields": {"user": 8, "motto": "", "region": ""}}, {"model": "luogu.myuser", "pk": 8, "fields": {"user": 9, "motto": "", "region": ""}}, {"model": "luogu.myuser", "pk": 9, "fields": {"user": 10, "motto": "", "region": ""}}, {"model": "luogu.myuser", "pk": 10, "fields": {"user": 11, "motto": "", "region": ""}}, {"model": "blog.article", "pk": 2, "fields": {"title": "\u7ebf\u6027\u5224\u522b\u5206\u6790(Linear Discriminant Analysis, LDA\uff09(\u542b\u7c7b\u5185\u6563\u5ea6\u77e9\u9635 \u7c7b\u95f4\u6563\u5ea6\u77e9\u9635 \u5168\u5c40\u6563\u5ea6\u77e9\u9635\u63a8\u5bfc", "excerpt": "\u4e3a\u4ec0\u4e48\u8981\u7528LDA\r\n\u65e2\u7136PCA\u5df2\u7ecf\u662f\u4e00\u79cd\u8868\u73b0\u5f88\u597d\u7684\u6570\u636e\u964d\u7ef4\u7684\u65b9\u6cd5\uff0cLDA\u4e5f\u662f\u4e00\u79cd\u5c06\u6570\u636e\u964d\u7ef4\u7684\u65b9\u6cd5\u3002\u90a3\u4e3a\u4ec0\u4e48\u8fd8\u8981\u6709LDA\u5462\uff1f\r\nPCA\u662f\u4e00\u79cd\u65e0\u76d1\u7763\u7684\u6570\u636e\u964d\u7ef4\u65b9\u6cd5\uff0c\u4e0e\u4e4b\u4e0d\u540c\u7684\u662fLDA\u662f\u4e00\u79cd\u6709\u76d1\u7763\u7684\u6570\u636e\u964d\u7ef4\u65b9\u6cd5\u3002\u6211\u4eec\u77e5\u9053\u5373\u4f7f\u5728\u8bad\u7ec3\u6837\u672c\u4e0a\uff0c\u6211\u4eec\u63d0\u4f9b\u4e86\u7c7b\u522b\u6807\u7b7e\uff0c\u5728\u4f7f\u7528PCA\u6a21\u578b\u7684\u65f6\u5019\uff0c\u6211\u4eec\u662f\u4e0d\u5229\u7528\u7c7b\u522b\u6807\u7b7e\u7684\uff0c\u800cLDA\u5728\u8fdb\u884c\u6570\u636e\u964d\u7ef4\u7684\u65f6\u5019\u662f\u5229\u7528\u6570\u636e\u7684\u7c7b\u522b\u6807\u7b7e\u63d0\u4f9b\u7684\u4fe1\u606f\u7684\u3002", "category": 1, "img": "blog_img/2020/06/26/1.jpg", "body": ">LDA\u7b97\u6cd5\u6982\u8ff0\uff1a\r\n\u7ebf\u6027\u5224\u522b\u5f0f\u5206\u6790(Linear Discriminant Analysis, LDA)\uff0c\u4e5f\u53eb\u505aFisher\u7ebf\u6027\u5224\u522b(Fisher Linear Discriminant ,FLD)\uff0c\u662f\u6a21\u5f0f\u8bc6\u522b\u7684\u7ecf\u5178\u7b97\u6cd5\uff0c\u5b83\u662f\u57281996\u5e74\u7531Belhumeur\u5f15\u5165\u6a21\u5f0f\u8bc6\u522b\u548c\u4eba\u5de5\u667a\u80fd\u9886\u57df\u7684\u3002\u7ebf\u6027\u9274\u522b\u5206\u6790\u7684\u57fa\u672c\u601d\u60f3\u662f\u5c06\u9ad8\u7ef4\u7684\u6a21\u5f0f\u6837\u672c\u6295\u5f71\u5230\u6700\u4f73\u9274\u522b\u77e2\u91cf\u7a7a\u95f4\uff0c\u4ee5\u8fbe\u5230\u62bd\u53d6\u5206\u7c7b\u4fe1\u606f\u548c\u538b\u7f29\u7279\u5f81\u7a7a\u95f4\u7ef4\u6570\u7684\u6548\u679c\uff0c\u6295\u5f71\u540e\u4fdd\u8bc1\u6a21\u5f0f\u6837\u672c\u5728\u65b0\u7684\u5b50\u7a7a\u95f4\u6709\u6700\u5927\u7684\u7c7b\u95f4\u8ddd\u79bb\u548c\u6700\u5c0f\u7684\u7c7b\u5185\u8ddd\u79bb\uff0c\u5373\u6a21\u5f0f\u5728\u8be5\u7a7a\u95f4\u4e2d\u6709\u6700\u4f73\u7684\u53ef\u5206\u79bb\u6027\u3002\u56e0\u6b64\uff0c\u5b83\u662f\u4e00\u79cd\u6709\u6548\u7684\u7279\u5f81\u62bd\u53d6\u65b9\u6cd5\u3002\u4f7f\u7528\u8fd9\u79cd\u65b9\u6cd5\u80fd\u591f\u4f7f\u6295\u5f71\u540e\u6a21\u5f0f\u6837\u672c\u7684\u7c7b\u95f4\u6563\u5e03\u77e9\u9635\u6700\u5927\uff0c\u5e76\u4e14\u540c\u65f6\u7c7b\u5185\u6563\u5e03\u77e9\u9635\u6700\u5c0f\u3002\u5c31\u662f\u8bf4\uff0c\u5b83\u80fd\u591f\u4fdd\u8bc1\u6295\u5f71\u540e\u6a21\u5f0f\u6837\u672c\u5728\u65b0\u7684\u7a7a\u95f4\u4e2d\u6709\u6700\u5c0f\u7684\u7c7b\u5185\u8ddd\u79bb\u548c\u6700\u5927\u7684\u7c7b\u95f4\u8ddd\u79bb\uff0c\u5373\u6a21\u5f0f\u5728\u8be5\u7a7a\u95f4\u4e2d\u6709\u6700\u4f73\u7684\u53ef\u5206\u79bb\u6027\u3002\r\n\r\n###### \u8bf4\u767d\u4e86\u5c31\u662f\u60f3\u8ba9\u6570\u636e\u964d\u7ef4\u4e4b\u540e, \u540c\u4e00\u7c7b\u7684\u6570\u636e\u9760\u7d27\u4e00\u70b9, \u4e0d\u540c\u7c7b\u7684\u79bb\u8fdc\u4e00\u70b9.\r\n>## \u4e3a\u4ec0\u4e48\u8981\u7528LDA\r\n>\u65e2\u7136PCA\u5df2\u7ecf\u662f\u4e00\u79cd\u8868\u73b0\u5f88\u597d\u7684\u6570\u636e\u964d\u7ef4\u7684\u65b9\u6cd5\uff0cLDA\u4e5f\u662f\u4e00\u79cd\u5c06\u6570\u636e\u964d\u7ef4\u7684\u65b9\u6cd5\u3002\u90a3\u4e3a\u4ec0\u4e48\u8fd8\u8981\u6709LDA\u5462\uff1f\r\nPCA\u662f\u4e00\u79cd\u65e0\u76d1\u7763\u7684\u6570\u636e\u964d\u7ef4\u65b9\u6cd5\uff0c\u4e0e\u4e4b\u4e0d\u540c\u7684\u662fLDA\u662f\u4e00\u79cd\u6709\u76d1\u7763\u7684\u6570\u636e\u964d\u7ef4\u65b9\u6cd5\u3002\u6211\u4eec\u77e5\u9053\u5373\u4f7f\u5728\u8bad\u7ec3\u6837\u672c\u4e0a\uff0c\u6211\u4eec\u63d0\u4f9b\u4e86\u7c7b\u522b\u6807\u7b7e\uff0c\u5728\u4f7f\u7528PCA\u6a21\u578b\u7684\u65f6\u5019\uff0c\u6211\u4eec\u662f\u4e0d\u5229\u7528\u7c7b\u522b\u6807\u7b7e\u7684\uff0c\u800cLDA\u5728\u8fdb\u884c\u6570\u636e\u964d\u7ef4\u7684\u65f6\u5019\u662f\u5229\u7528\u6570\u636e\u7684\u7c7b\u522b\u6807\u7b7e\u63d0\u4f9b\u7684\u4fe1\u606f\u7684\u3002\r\n\u4ece\u51e0\u4f55\u7684\u89d2\u5ea6\u6765\u770b\uff0cPCA\u548cLDA\u90fd\u662f\u8bb2\u6570\u636e\u6295\u5f71\u5230\u65b0\u7684\u76f8\u4e92\u6b63\u4ea4\u7684\u5750\u6807\u8f74\u4e0a\u3002\u53ea\u4e0d\u8fc7\u5728\u6295\u5f71\u7684\u8fc7\u7a0b\u4e2d\u4ed6\u4eec\u4f7f\u7528\u7684\u7ea6\u675f\u662f\u4e0d\u540c\u7684\uff0c\u4e5f\u53ef\u4ee5\u8bf4\u76ee\u6807\u662f\u4e0d\u540c\u7684\u3002PCA\u662f\u5c06\u6570\u636e\u6295\u5f71\u5230\u65b9\u5dee\u6700\u5927\u7684\u51e0\u4e2a\u76f8\u4e92\u6b63\u4ea4\u7684\u65b9\u5411\u4e0a\uff0c\u4ee5\u671f\u5f85\u4fdd\u7559\u6700\u591a\u7684\u6837\u672c\u4fe1\u606f\u3002\u6837\u672c\u7684\u65b9\u5dee\u8d8a\u5927\u8868\u793a\u6837\u672c\u7684\u591a\u6837\u6027\u8d8a\u597d\uff0c\u5728\u8bad\u7ec3\u6a21\u578b\u7684\u65f6\u5019\uff0c\u6211\u4eec\u5f53\u7136\u5e0c\u671b\u6570\u636e\u7684\u5dee\u522b\u8d8a\u5927\u8d8a\u597d\u3002\u5426\u5219\u5373\u4f7f\u6837\u672c\u5f88\u591a\u4f46\u662f\u4ed6\u4eec\u5f7c\u6b64\u76f8\u4f3c\u6216\u8005\u76f8\u540c\uff0c\u63d0\u4f9b\u7684\u6837\u672c\u4fe1\u606f\u5c06\u76f8\u540c\uff0c\u76f8\u5f53\u4e8e\u53ea\u6709\u5f88\u5c11\u7684\u6837\u672c\u63d0\u4f9b\u4fe1\u606f\u662f\u6709\u7528\u7684\u3002\u6837\u672c\u4fe1\u606f\u4e0d\u8db3\u5c06\u5bfc\u81f4\u6a21\u578b\u6027\u80fd\u4e0d\u591f\u7406\u60f3\u3002\u8fd9\u5c31\u662fPCA\u964d\u7ef4\u7684\u76ee\u6807\uff1a\u5c06\u6570\u636e\u6295\u5f71\u5230\u65b9\u5dee\u6700\u5927\u7684\u51e0\u4e2a\u76f8\u4e92\u6b63\u4ea4\u7684\u65b9\u5411\u4e0a\u3002\u8fd9\u79cd\u7ea6\u675f\u6709\u65f6\u5019\u5f88\u6709\u7528\uff0c\u6bd4\u5982\u5728\u4e0b\u9762\u8fd9\u4e2a\u4f8b\u5b50\uff1a\r\n![\u5728\u8fd9\u91cc\u63d2\u5165\u56fe\u7247\u63cf\u8ff0](https://img-blog.csdnimg.cn/20200409130341267.png?x-oss-process=image/watermark,type_ZmFuZ3poZW5naGVpdGk,shadow_10,text_aHR0cHM6Ly9ibG9nLmNzZG4ubmV0L3dlaXhpbl80MzgwNDI1MQ==,size_16,color_FFFFFF,t_70)\r\n\u5bf9\u4e8e\u8fd9\u4e2a\u6837\u672c\u96c6\u6211\u4eec\u53ef\u4ee5\u5c06\u6570\u636e\u6295\u5f71\u5230x\u8f74\u6216\u8005y\u8f74\uff0c\u4f46\u8fd9\u90fd\u4e0d\u662f\u6700\u4f73\u7684\u6295\u5f71\u65b9\u5411\uff0c\u56e0\u4e3a\u8fd9\u4e24\u4e2a\u65b9\u5411\u90fd\u4e0d\u80fd\u6700\u597d\u5730\u53cd\u6620\u6570\u636e\u7684\u5206\u5e03\u3002\u5f88\u660e\u663e\u8fd8\u5b58\u5728\u6700\u4f73\u7684\u65b9\u5411\u53ef\u4ee5\u63cf\u8ff0\u6570\u636e\u7684\u5206\u5e03\u8d8b\u52bf\uff0c\u90a3\u5c31\u662f\u56fe\u4e2d\u7ea2\u8272\u76f4\u7ebf\u6240\u5728\u7684\u65b9\u5411\u3002\u4e5f\u662f\u6570\u636e\u6837\u672c\u505a\u6295\u5f71\uff0c\u65b9\u5dee\u6700\u5927\u7684\u65b9\u5411\u3002\u5411\u8fd9\u4e2a\u65b9\u5411\u505a\u6295\u5f71\uff0c\u6295\u5f71\u540e\u6570\u636e\u7684\u65b9\u5dee\u6700\u5927\uff0c\u6570\u636e\u4fdd\u7559\u7684\u4fe1\u606f\u6700\u591a\u3002\r\n\u4f46\u662f\uff0c\u5bf9\u4e8e\u53e6\u5916\u7684\u4e00\u4e9b\u4e0d\u540c\u5206\u5e03\u7684\u6570\u636e\u96c6\uff0cPCA\u7684\u8fd9\u4e2a\u6295\u5f71\u540e\u65b9\u5dee\u6700\u5927\u7684\u76ee\u6807\u5c31\u4e0d\u592a\u5408\u9002\u4e86\u3002\u6bd4\u5982\u5bf9\u4e8e\u4e0b\u9762\u56fe\u7247\u4e2d\u7684\u6570\u636e\u96c6\uff1a\r\n![\u5728\u8fd9\u91cc\u63d2\u5165\u56fe\u7247\u63cf\u8ff0](https://img-blog.csdnimg.cn/20200409130407469.png?x-oss-process=image/watermark,type_ZmFuZ3poZW5naGVpdGk,shadow_10,text_aHR0cHM6Ly9ibG9nLmNzZG4ubmV0L3dlaXhpbl80MzgwNDI1MQ==,size_16,color_FFFFFF,t_70)\r\n\u9488\u5bf9\u8fd9\u4e2a\u6570\u636e\u96c6\uff0c\u5982\u679c\u540c\u6837\u9009\u62e9\u4f7f\u7528PCA\uff0c\u9009\u62e9\u65b9\u5dee\u6700\u5927\u7684\u65b9\u5411\u4f5c\u4e3a\u6295\u5f71\u65b9\u5411\uff0c\u6765\u5bf9\u6570\u636e\u8fdb\u884c\u964d\u7ef4\u3002\u90a3\u4e48PCA\u9009\u51fa\u7684\u6700\u4f73\u6295\u5f71\u65b9\u5411\uff0c\u5c06\u662f\u56fe\u4e2d\u7ea2\u8272\u76f4\u7ebf\u6240\u793a\u7684\u65b9\u5411\u3002\u8fd9\u6837\u505a\u6295\u5f71\u786e\u5b9e\u65b9\u5dee\u6700\u5927\uff0c\u4f46\u662f\u662f\u4e0d\u662f\u6709\u5176\u4ed6\u95ee\u9898\u3002\u806a\u660e\u7684\u4f60\u4e00\u5b9a\u53d1\u73b0\u4e86\uff0c\u8fd9\u6837\u505a\u6295\u5f71\u4e4b\u540e\u4e24\u7c7b\u6570\u636e\u6837\u672c\u5c06\u6df7\u5408\u5728\u4e00\u8d77\uff0c\u5c06\u4e0d\u518d\u7ebf\u6027\u53ef\u5206\uff0c\u751a\u81f3\u662f\u4e0d\u53ef\u5206\u7684\u3002\u8fd9\u5bf9\u6211\u4eec\u6765\u8bf4\u7b80\u76f4\u5c31\u662f\u5730\u72f1\uff0c\u672c\u6765\u7ebf\u6027\u53ef\u5206\u7684\u6837\u672c\u88ab\u6211\u4eec\u4eb2\u624b\u53d8\u5f97\u4e0d\u518d\u53ef\u5206\u3002\r\n\u5e05\u6c14\u82f1\u4fca\u7684\u4f60\u4e5f\u4e00\u5b9a\u53d1\u73b0\u4e86\uff0c\u56fe\u4e2d\u8fd8\u6709\u4e00\u6761\u8000\u773c\u7684\u9ec4\u8272\u76f4\u7ebf\uff0c\u5411\u8fd9\u6761\u76f4\u7ebf\u505a\u6295\u5f71\u5373\u80fd\u4f7f\u6570\u636e\u964d\u7ef4\uff0c\u540c\u65f6\u8fd8\u80fd\u4fdd\u8bc1\u4e24\u7c7b\u6570\u636e\u4ecd\u7136\u662f\u7ebf\u6027\u53ef\u5206\u7684\u3002\u4e0a\u9762\u7684\u8fd9\u4e2a\u6570\u636e\u96c6\u5982\u679c\u4f7f\u7528LDA\u964d\u7ef4\uff0c\u627e\u51fa\u7684\u6295\u5f71\u65b9\u5411\u5c31\u662f\u9ec4\u8272\u76f4\u7ebf\u6240\u5728\u7684\u65b9\u5411\u3002\r\n\u8fd9\u5176\u5b9e\u5c31\u662fLDA\u7684\u601d\u60f3\uff0c\u6216\u8005\u8bf4LDA\u964d\u7ef4\u7684\u76ee\u6807\uff1a\u5c06\u5e26\u6709\u6807\u7b7e\u7684\u6570\u636e\u964d\u7ef4\uff0c\u6295\u5f71\u5230\u4f4e\u7ef4\u7a7a\u95f4\u540c\u65f6\u6ee1\u8db3\u4e09\u4e2a\u6761\u4ef6\uff1a\r\n\u5c3d\u53ef\u80fd\u591a\u5730\u4fdd\u7559\u6570\u636e\u6837\u672c\u7684\u4fe1\u606f\uff08\u5373\u9009\u62e9\u6700\u5927\u7684\u7279\u5f81\u662f\u5bf9\u5e94\u7684\u7279\u5f81\u5411\u91cf\u6240\u4ee3\u8868\u7684\u7684\u65b9\u5411\uff09\u3002\r\n\u5bfb\u627e\u4f7f\u6837\u672c\u5c3d\u53ef\u80fd\u597d\u5206\u7684\u6700\u4f73\u6295\u5f71\u65b9\u5411\u3002\r\n\u6295\u5f71\u540e\u4f7f\u5f97\u540c\u7c7b\u6837\u672c\u5c3d\u53ef\u80fd\u8fd1\uff0c\u4e0d\u540c\u7c7b\u6837\u672c\u5c3d\u53ef\u80fd\u8fdc\u3002\r\n\u5176\u5b9e\u7b2c\u4e8c\u4e2a\u548c\u7b2c\u4e09\u4e2a\u6761\u4ef6\u662f\u57fa\u672c\u7b49\u4ef7\u7684\uff0c\u6211\u4eec\u5f88\u5bb9\u6613\u60f3\u5230\uff0c\u4f7f\u6837\u672c\u5c3d\u53ef\u80fd\u597d\u5206\u7684\u6295\u5f71\u65b9\u5411\uff0c\u5c31\u662f\u8981\u4f7f\u6295\u5f71\u540e\u4f7f\u5f97\u540c\u7c7b\u6837\u672c\u5c3d\u53ef\u80fd\u8fd1\uff0c\u4e0d\u540c\u7c7b\u6837\u672c\u5c3d\u53ef\u80fd\u8fdc\u3002\r\n\u4e0a\u9762\u5927\u81f4\u8bb2\u89e3\u7684LDA\u7684\u57fa\u672c\u601d\u60f3\uff0c\u4ee5\u53ca\u4e0ePCA\u7684\u4e0d\u540c\uff0c\u4e0b\u9762\u5c31\u6765\u4ecb\u7ecd\u4e00\u4e0bLDA\u6a21\u578b\u3002\r\n\r\n\r\n #### \u7b26\u53f7\u8bf4\u660e\uff1a\r\n\r\n$C:\u4e00\u4e2a\u7a7a\u95f4\u4e00\u5171\u6709C\u4e2a\u7c7b,$\r\n\r\n$x\u2236\u8868\u793a\u8bad\u7ec3\u6837\u672c\uff0c\u4f7f\u7528\u5217\u5411\u91cf\u8868\u793a$\r\n\r\n$x_j^{(i)}:\u7b2ci\u4e2a\u7c7b\u7684\u7b2cj\u4e2a\u6837\u672c, \u6bcf\u4e2ax_j^{(i)}\u662f\u4e00\u4e2am\u884c1\u5217\u7684\u77e9\u9635\uff0c$\r\n\r\n$M_i \u2236\u8868\u793a\u7b2ci\u7c7b\u8bad\u7ec3\u6837\u672c\u7684\u6570\u76ee\uff08i=1,2,\u2026,C\uff09$\r\n\r\n$M=\\sum_{i=1}^CM_i   \u2236\u8868\u793a\u8bad\u7ec3\u6837\u672c\u7684\u603b\u6570\u76ee$\r\n\r\n$\\mu_i=\\frac1{M_i}\\sum_{j=1}^{M_i}X_j^{(i)}\u2236\u8868\u793a\u7b2ci\u7c7b\u8bad\u7ec3\u6837\u672c\u7684\u5747\u503c \uff08i=1,2,\u2026,C\uff09$\r\n\r\n$\\mu=\\frac1{M}\\sum_{i=1}^M x_i \u2236\u8868\u793a\u5168\u90e8\u8bad\u7ec3\u6837\u672c\u7684\u5747\u503c$\r\n\r\n$w\u2236 \u6295\u5f71\u76f4\u7ebf$\r\n\r\n$\\Sigma_i =\\sum_{j=1}^{M_i}(x_j^{(i)}\u2212\\mu_i)(x_j^{(i)}\u2212\\mu_i)^T\u2236\u8868\u793ai\u7c7b\u6837\u672c\u7684\u534f\u65b9\u5dee\u77e9\u9635$\r\n\r\n$p(i) \u2236\u8868\u793a\u7b2ci\u7c7b\u7684\u51fa\u73b0\u6982\u7387$\r\n\r\n$p(i,j) \u2236\u8868\u793ax_j^{(i)}\u7684\u51fa\u73b0\u6982\u7387$\r\n\r\n## \u4e8c\u7c7bLDA\u539f\u7406:\r\n\u7531\u4e8e\u662f\u4e24\u7c7b\u6570\u636e\uff0c\u56e0\u6b64\u6211\u4eec\u53ea\u9700\u8981\u5c06\u6570\u636e\u6295\u5f71\u5230\u4e00\u6761\u76f4\u7ebf\u4e0a\u5373\u53ef\u3002\u5047\u8bbe\u6211\u4eec\u7684\u6295\u5f71\u76f4\u7ebf\u662f\u5411\u91cf$w$,\u5219\u5bf9\u4efb\u610f\u4e00\u4e2a\u6837\u672c$x_i$,\u5b83\u5728\u76f4\u7ebf$w$\u7684\u6295\u5f71\u4e3a$w^T x_i$,\u5bf9\u4e8e\u6211\u4eec\u7684\u4e24\u4e2a\u7c7b\u522b\u7684\u4e2d\u5fc3\u70b9$\u03bc_1$,$\u03bc_2$,\u5728\u76f4\u7ebf$w$\u7684\u6295\u5f71\u4e3a$w^T \u03bc_1$ \u548c$w^T \u03bc_2$\u3002\u7531\u4e8eLDA\u9700\u8981\u8ba9\u4e0d\u540c\u7c7b\u522b\u7684\u6570\u636e\u7684\u7c7b\u522b\u4e2d\u5fc3\u4e4b\u95f4\u7684\u8ddd\u79bb\u5c3d\u53ef\u80fd\u7684\u5927\uff0c\u4e5f\u5c31\u662f\u6211\u4eec\u8981\u6700\u5927\u5316$||w^T \u03bc_1-w^T \u03bc_2 ||_2^2$,\u540c\u65f6\u6211\u4eec\u5e0c\u671b\u540c\u4e00\u79cd\u7c7b\u522b\u6570\u636e\u7684\u6295\u5f71\u70b9\u5c3d\u53ef\u80fd\u7684\u63a5\u8fd1\uff0c\u4e5f\u5c31\u662f\u8981\u540c\u7c7b\u6837\u672c\u6295\u5f71\u70b9\u7684\u534f\u65b9\u5dee$w^T \u03a3_1 w$\u548c$w^T \u03a3_2 w$\u5c3d\u53ef\u80fd\u7684\u5c0f\uff0c\u5373\u6700\u5c0f\u5316$w^T \u03a3_1 w+w^T \u03a3_2 w$\u3002\u540c\u65f6\u8003\u8651\u4e8c\u8005\uff0c\u5219\u53ef\u5f97\u5230\u6b32\u6700\u5927\u5316\u7684\u76ee\u6807\r\n$$J=\\frac{||w^T \u03bc_1-w^T \u03bc_2 ||_2^2}{w^T \u03a3_1 w+w^T \u03a3_2 w}=\\frac{w^T (\u03bc_1-\u03bc_2 ) (\u03bc_1-\u03bc_2 )^T w}{w^T (\u03a3_1+\u03a3_2 )w}  \\tag1 $$\r\n#### \u7c7b\u5185\u6563\u5ea6\u77e9\u9635:\r\n$$S_W=\u03a3_1+\u03a3_2= \u2211_{i=1}^{M_1}(x_1^{(i)}-\u03bc_1 ) (x_1^{(i)}-\u03bc_1)^T+  \u2211_{i=1}^{M_2}(x_2^{(i)}-\u03bc_2 ) (x_2^{(i)}-\u03bc_2 )^T \\tag2$$\r\n#### \u7c7b\u95f4\u6563\u5ea6\u77e9\u9635:\r\n$$S_B=(\u03bc_1-\u03bc_2 ) (\u03bc_1-\u03bc_2 )^T,\\tag3$$\r\n\u5219\u6b32\u6700\u5927\u5316\u7684\u76ee\u6807\u53ef\u91cd\u5199\u4e3a\r\n$$J=\\frac{w^T S_B w}{w^T S_W w}\\tag4$$\r\n\t\t\u4e0d\u5931\u4e00\u822c\u6027\uff0c\u4ee4$w^T S_W w=1$\uff0c\u5219\u4f18\u5316\u76ee\u6807\u7b49\u4ef7\u4e8e\r\n$$\\max_w\u2061  \\quad  w^T S_B w  \\qquad s.t. \\quad w^T S_W w=1 \\tag5$$\r\n\u7531\u62c9\u683c\u6717\u65e5\u4e58\u5b50\u6cd5\uff0c\u4e0a\u5f0f\u7b49\u4ef7\u4e8e\r\n$$S_B w=\u03bbS_W w,\\tag6$$\r\n\u5176\u4e2d\u03bb\u662f\u62c9\u683c\u6717\u65e5\u4e58\u5b50. \u6ce8\u610f\u5230$S_B w$\u7684\u65b9\u5411\u6052\u4e3a$\u03bc_1-\u03bc_2$, \u4e0d\u59a8\u4ee4\r\n$$S_B w=\u03bb(\u03bc_1-\u03bc_2 ),\\tag7$$\r\n\u4ee3\u5165\u5f0f(6)\u4e2d\u5373\u5f97\r\n$$w=S_W^{-1} (\u03bc_1-\u03bc_2).\\tag8$$\r\n\u8003\u8651\u5230\u6570\u503c\u89e3\u7684\u7a33\u5b9a\u6027\uff0c\u5728\u5b9e\u8df5\u4e2d\u901a\u5e38\u662f\u5bf9$S_W$\u8fdb\u884c\u5947\u5f02\u503c\u5206\u89e3\uff0c\u5373$S_W=U\u03a3V^T$\uff0c\u8fd9\u91cc$\u03a3$\u662f\u4e00\u4e2a\u5b9e\u5bf9\u79f0\u77e9\u9635\uff0c\u5176\u5bf9\u89d2\u7ebf\u4e0a\u7684\u5143\u7d20\u662f$S_W$\u7684\u5947\u5f02\u503c\uff0c\u7136\u540e\u518d\u7531$S_W^{-1}=V\u03a3^{-1}U^T$\u5f97\u5230$S_W^{-1}$\uff0c\u6216\u8005\u662f\u4ee4$S_W=S_W+\u03b3I$\uff0c$\u03b3$\u662f\u4e00\u4e2a\u7279\u522b\u5c0f\u7684\u6570\uff0c\u4f7f\u5f97$S_W$\u53ef\u9006\u4e5f\u662f\u4e00\u79cd\u65b9\u6cd5.\r\n\r\n## \u591a\u7c7bLDA\u539f\u7406:\r\n\u5728\u591a\u7c7b\u95ee\u9898\u65f6\uff0c\u5c06$D$\u7ef4\u7684\u5411\u91cf$x$\u6295\u5f71\u5230$d<D$\u7ef4\u7684$y$.\u6295\u5f71\u65b9\u7a0b\u4e3a:\r\n$$y=W^T x\\tag9$$\r\n\u8fd9\u91cc$W$\u662f\u4e00\u4e2a\u6295\u5f71\u77e9\u9635\uff0c\u6bcf\u4e00\u4e2a\u5217\u5411\u91cf$w_i$\u8868\u793a\u4e00\u4e2a\u6295\u5f71\u65b9\u5411.\r\n\u8bbe\u6570\u636e\u96c6\u5408\u4e3a$X=\\lbrace x_1^{(1)}\uff0cx_2^{(1)}\uff0c\u2026\uff0cx_{M_1}^{(1)}\uff0cx_1^{(2)}\uff0c\u2026x_{M_C}^{(C)}\\rbrace$. \u5728\u591a\u7c7b\u7684\u65f6\u5019\uff0c\u8fc7\u7a0b\u4e0e\u4e0a\u9762\u4e00\u6837\uff0c\u4e0d\u8fc7\u4f18\u5316\u7684\u76ee\u6807\u51fd\u6570\u9700\u8981\u66f4\u6539\u4e00\u4e0b.\r\n#### \u7c7b\u5185\u6563\u5ea6\u77e9\u9635\u4e0e\u4e8c\u7c7b\u65f6\u7684\u5b9a\u4e49\u4e00\u6837\uff0c\u5982\u4e0b\u8868\u793a:\r\n$$S_W=\u2211_{i=1}^C\u2211_{j=1}^{M_i}p(i,j)(x_j^{(i)}-\u03bc_i ) (x_j^{(i)}-\u03bc_i )^T \\tag{10}$$\r\n#### \u7c7b\u95f4\u6563\u5ea6\u77e9\u9635\u6839\u636e\u5b9a\u4e49\u4ee5\u53ca\u63a8\u5bfc\uff0c\u5f97\r\n\r\n$$\\begin{aligned}\r\nS_B&=\\frac12 \u2211_{i=1}^C\u2211_{j=1}^Cp(i)p(j)(\u03bc_i-\u03bc_j ) (\u03bc_i-\u03bc_j )^T \\\\\r\n&=\\frac12 \u2211_{i=1}^C\u2211_{j=1}^Cp(i)p(j)(\u03bc_i \u03bc_i^T-\u03bc_i \u03bc_j^T-\u03bc_j \u03bc_i^T+\u03bc_j \u03bc_j^T ) \\\\\r\n&=\\frac12  \u2211_{i=1}^C{p(i) \u03bc_i \u03bc_i^T \u2211_{j=1}^Cp(j)-p(i) \u03bc_i \u2211_{j=1}^Cp(j)\u03bc_j^T- p(i)(\u2211_{j=1}^Cp(j)\u03bc_j)\u03bc_i^T- p(i) \u2211_{j=1}^Cp(j)\u03bc_j \u03bc_j^T }\\\\\r\n&=\\frac12  \u2211_{i=1}^C{p(i) \u03bc_i \u03bc_i^T-p(i) \u03bc_i \u03bc^T-p(i)\u03bc\u03bc_i^T-p(i) \u2211_{j=1}^Cp(j)\u03bc_j \u03bc_j^T }\\\\\r\n&=\\frac12 {\u2211_{i=1}^Cp(i) \u03bc_i \u03bc_i^T-\u03bc\u03bc^T-\u03bc\u03bc^T  -\u2211_{j=1}^Cp(j)\u03bc_j \u03bc_j^T}\\\\\r\n&=\u2211_{i=1}^Cp(i) (\u03bc_i \u03bc_i^T-\u03bc\u03bc^T) \\\\\r\n&=\u2211_{i=1}^Cp(i) (\u03bc_i \u03bc_i^T-\u03bc\u03bc^T)+2\u2211_{i=1}^Cp(i)\u03bc\u03bc^T-\u2211_{i=1}^Cp(i) \u03bc_i \u03bc^T- \u2211_{i=1}^Cp(i)\u03bc\u03bc_i^T \\\\\r\n&=\u2211_{i=1}^Cp(i) (\u03bc_i \u03bc_i^T-\u03bc_i \u03bc^T-\u03bc\u03bc_i^T+\u03bc\u03bc^T)\\\\\r\n&=\u2211_{i=1}^Cp(i)(\u03bc_i-\u03bc) (\u03bc_i-\u03bc)^T \r\n\\end{aligned}$$\r\n\t\t\u5373\u201c\u7c7b\u95f4\u6563\u5ea6\u77e9\u9635\u201d\u53ef\u8868\u793a\u4e3a:\r\n$$S_B=\u2211_{i=1}^Cp(i)(\u03bc_i-\u03bc) (\u03bc_i-\u03bc)^T \\tag{11}$$\r\n\u540c\u65f6\u4e5f\u53ef\u4ee5\u5b9a\u4e49\u201c\u603b\u4f53\u6563\u5ea6\u77e9\u9635\u201d$S_T$\uff0c\u8868\u793a\u4e3a:\r\n$$S_T=\u2211_{i=1}^C\u2211_{j=1}^{M_i}p(i,j)(x_i^{(j)}-\u03bc) (x_i^{(j)}-\u03bc)^T \\tag{12}$$\r\n\t\t\u201c\u7c7b\u95f4\u6563\u5ea6\u77e9\u9635\u201d\u4e5f\u53ef\u901a\u8fc7\u201c\u603b\u4f53\u6563\u5ea6\u77e9\u9635\u201d\u4e0e\u201c\u7c7b\u5185\u6563\u5ea6\u77e9\u9635\u201d\u7684\u5dee\u503c\u6c42\u51fa\uff0c\u5373:\r\n$$\\begin{aligned}\r\nS_B&=S_T-S_W\\\\\r\n&=\u2211_{i=1}^C\u2211_{j=1}^{M_i}p(i,j)(x_i^{(j)}-\u03bc) (x_i^{(j)}-\u03bc)^T -\u2211_{i=1}^C\u2211_{j=1}^{M_i}p(i,j)(x_i^{(j)}-\u03bc_i ) (x_i^{(j)}-\u03bc_i )^T \\\\\r\n&=\u2211_{i=1}^C\u2211_{j=1}^{M_i}p(i,j)\\lbrace(x_i^{(j)}-\u03bc) (x_i^{(j)}-\u03bc)^T-(x_i^{(j)}-\u03bc_i ) (x_i^{(j)}-\u03bc_i )^T \\rbrace  \\\\\r\n&=\u2211_{i=1}^C\\lbrace -p(i)\u03bc_i \u03bc^T- p(i)\u03bc\u03bc_i^T+p(i)\u03bc\u03bc^T+p(i)\u03bc_i \u03bc_i^T\\rbrace \\\\\r\n&=\u2211_{i=1}^Cp(i)(\u03bc_i-\u03bc) (\u03bc_i-\u03bc)^T \r\n\\end{aligned}$$\r\n\u5f97\u5230$S_B$\uff0c\u8fdb\u4e00\u6b65\u53ef\u4ee5\u5f97\u5230\u76ee\u6807\u51fd\u6570:\r\n$$J=\\frac{|W^T S_B W|}{|W^T S_W W|} \\tag{13}$$\r\n\u7531\u4e8e$S_B\uff0cS_T$\u4e0d\u662f\u6807\u91cf\uff0c\u56e0\u6b64\u5728\u76ee\u6807\u51fd\u6570\u4e2d\u4f7f\u7528\u5b83\u4eec\u7684\u884c\u5217\u5f0f. \u7c7b\u4f3c\u4e8e\u4e8c\u7c7b\u63a8\u5bfc\u7684\u5f0f\u5b50\uff0c\u53ef\u4ee5\u5f97\u51fa\r\n$$S_W^{-1} S_B W=\u03bbW\\tag{14}$$\r\n\u8ba1\u7b97$S_W^{-1} S_B$\u7684\u6700\u5927\u7684$d$\u4e2a\u7279\u5f81\u503c\u548c\u5bf9\u5e94\u7684$d$\u4e2a\u7279\u5f81\u5411\u91cf$(w_1,w_2,\u2026,w_d)$,\u5373\u53ef\u5f97\u5230\u6295\u5f71\u77e9\u9635W.\r\n\r\n\r\n#### \u603b\u7ed3\u4e00\u4e0bLDA\u7684\u5b9e\u73b0\u8fc7\u7a0b:\r\n1)\u8ba1\u7b97\u6bcf\u4e2a\u7c7b\u6837\u672c\u7684\u5747\u503c\u5411\u91cf$\u03bc_i$\u548c\u6240\u6709\u6837\u672c\u7684\u5747\u503c\u5411\u91cf$\u03bc$\u3002\r\n2)\u8ba1\u7b97\u7c7b\u5185\u6563\u5ea6\u77e9\u9635$S_W$\u548c\u7c7b\u95f4\u6563\u5ea6\u77e9\u9635$S_B$\u3002\r\n3)\u8ba1\u7b97$S_W^{-1} S_B$\u7684\u7279\u5f81\u5411\u91cf$W(w_1,w_2,\u2026,w_D)$\u548c\u5bf9\u5e94\u7684\u7279\u5f81\u503c$\u03bb(\u03bb_1,\u03bb_2,\u2026,\u03bb_D)$\u3002\r\n4)\u9009\u62e9$d$\u4e2a\u6700\u5927\u7279\u5f81\u503c\u5bf9\u5e94\u7684\u77e9\u9635$W_{m*d}$\u3002\r\n5)\u5bf9\u6570\u636e\u96c6$X$\u8fdb\u884c\u964d\u7ef4\uff0c\u5f97\u5230\u5bf9\u5e94\u7684\u964d\u7ef4\u6570\u636e\u96c6$Y=W^T X$\u3002\r\n\r\n\r\n#### \u7b49\u4ef7\u6a21\u578b\r\n\u6839\u636eLDA\u7684\u57fa\u672c\u601d\u60f3\uff0c\u5373\u8ba9\u4e0d\u540c\u7c7b\u522b\u7684\u6570\u636e\u7684\u7c7b\u522b\u4e2d\u5fc3\u4e4b\u95f4\u7684\u8ddd\u79bb\u5c3d\u53ef\u80fd\u7684\u5927\uff0c\u540c\u65f6\u5e0c\u671b\u540c\u4e00\u79cd\u7c7b\u522b\u6570\u636e\u7684\u6295\u5f71\u70b9\u5c3d\u53ef\u80fd\u7684\u63a5\u8fd1\uff0c\u53ef\u4ee5\u5f97\u5230\u4e0d\u540c\u7684\u4f18\u5316\u51fd\u6570\uff0c\u5982:\r\n$$J(W)=\\frac{|W^T S_B W|}{|W^T S_W W|}$$\r\n$$J(W)=\\frac{|W^T S_B W|}{|W^T S_T W|}$$\r\n$$J(W)=\\frac{|W^T (S_B-S_W )W|}{|W^T W|} $$\r\n\u4ee5\u4e0a\u4f18\u5316\u76ee\u6807\u7684\u76ee\u7684\u90fd\u662f\u4e00\u6837\u7684\uff0c\u4e3a\u4e86\u6700\u5927\u5316\u7c7b\u95f4\u8ddd\u79bb\u540c\u65f6\u6700\u5c0f\u5316\u7c7b\u5185\u8ddd\u79bb\uff0c\u6839\u636e\u4ee5\u4e0a\u4e0d\u540c\u4f18\u5316\u76ee\u6807\u51fd\u6570\u80fd\u591f\u5f97\u5230\u4e0d\u540c\u7684LDA\u6a21\u578b\u3002\r\n\r\n\r\n#### \u6b63\u5219\u5316\r\n\u8ba9\u6a21\u578b\u6cdb\u5316\u6027\u80fd\u66f4\u9ad8\uff0c\u9632\u6b62\u6a21\u578b\u8fc7\u62df\u5408\u3002\u4e5f\u53ef\u4e3a\u4e86\u8ba9$S_W$\u4e00\u5b9a\u53ef\u9006\u800c\u52a0\u3002\r\n$$J(W)=\\frac{|W^T S_B W|}{|W^T (S_W+\u03bbI)W|}$$\r\n\r\n#### \u6bd4\u8f83fisherface\u548ceigenface\r\n![\u5728\u8fd9\u91cc\u63d2\u5165\u56fe\u7247\u63cf\u8ff0](https://img-blog.csdnimg.cn/20200409131521712.png?x-oss-process=image/watermark,type_ZmFuZ3poZW5naGVpdGk,shadow_10,text_aHR0cHM6Ly9ibG9nLmNzZG4ubmV0L3dlaXhpbl80MzgwNDI1MQ==,size_16,color_FFFFFF,t_70)\r\nLDA\u7528\u4e8e\u964d\u7ef4\uff0c\u548cPCA\u6709\u5f88\u591a\u76f8\u540c\uff0c\u4e5f\u6709\u5f88\u591a\u4e0d\u540c\u7684\u5730\u65b9\u3002 \u3000\u3000\r\n#### \u76f8\u540c\u70b9\uff1a \u3000\u3000  \r\n1. \u4e24\u8005\u5747\u53ef\u4ee5\u5bf9\u6570\u636e\u8fdb\u884c\u964d\u7ef4\u3002\r\n2. \u4e24\u8005\u5728\u964d\u7ef4\u65f6\u5747\u4f7f\u7528\u4e86\u77e9\u9635\u7279\u5f81\u5206\u89e3\u7684\u601d\u60f3\u3002 \u3000\u3000\r\n\r\n#### \u4e0d\u540c\u70b9\uff1a \u3000\u3000  \r\n1. LDA\u662f\u6709\u76d1\u7763\u7684\u964d\u7ef4\u65b9\u6cd5\uff0c\u800cPCA\u662f\u65e0\u76d1\u7763\u7684\u964d\u7ef4\u65b9\u6cd5 \u3000\u3000  \r\n2. LDA\u964d\u7ef4\u6700\u591a\u964d\u5230\u7c7b\u522b\u6570C-1\u7684\u7ef4\u6570\uff0c\u800cPCA\u6ca1\u6709\u8fd9\u4e2a\u9650\u5236\u3002 \u3000\u3000  \r\n3. LDA\u9664\u4e86\u53ef\u4ee5\u7528\u4e8e\u964d\u7ef4\uff0c\u8fd8\u53ef\u4ee5\u7528\u4e8e\u5206\u7c7b\u3002 \u3000\u3000\u3000\r\n4. LDA\u9009\u62e9\u5206\u7c7b\u6027\u80fd\u6700\u597d\u7684\u6295\u5f71\u65b9\u5411\uff0c\u800cPCA\u9009\u62e9\u6837\u672c\u70b9\u6295\u5f71\u5177\u6709\u6700\u5927\u65b9\u5dee\u7684\u65b9\u5411\u3002\r\n\r\n#### \u53c2\u8003\r\n1.\u673a\u5668\u5b66\u4e60-\u7ebf\u6027\u5224\u522b\u5206\u6790.\u5468\u5fd7\u534e\r\n2.[\u7ebf\u6027\u5224\u522b\u5206\u6790(LDA)](https://blog.csdn.net/liuweiyuxiang/article/details/78874106?ops_request_misc=&request_id=&biz_id=&utm_source=distribute.pc_search_result.none-task-blog-blog_SOBAIDUEND-7)", "user": 1, "views": 40, "tui": 1, "created_time": "2020-06-21T13:23:00.794Z", "modified_time": "2020-08-05T14:20:59.652Z", "tags": [1]}}, {"model": "blog.article", "pk": 4, "fields": {"title": "\u5feb\u901f\u6c42n!\u7684\u8d28\u56e0\u6570\u53ca\u4e2a\u6570", "excerpt": "\u4e00\u822c\u8981\u8fdb\u884c\u8d28\u56e0\u6570\u5206\u89e3\u65f6\uff0c\u6211\u4eec\u662ffor\u5faa\u73af\u5bf9\u6bcf\u4e2a\u6570\u8fdb\u884c\u8d28\u56e0\u6570\u5206\u89e3\uff0c\u4f46\u5c11\u6570\u7684\u60c5\u51b5\u4e0b\uff0c\u6570\u5b57\u592a\u5927\u4e86\uff0c\u9898\u76ee\u4e0d\u5141\u8bb8\u8fd9\u6837\u7684\u505a\u6cd5\uff0c\u6240\u4ee5\u6211\u4eec\u9700\u8981\u5b66\u4f1a\u4e00\u79cd\u66f4\u5feb\u7684\u65b9\u6cd5\u6765\u6c42\u8d28\u56e0\u6570\u3002", "category": 3, "img": "blog_img/2020/06/26/d93295cad1c8a7862b65b07d6909c93d70cf5020.jpg", "body": "\u4e00\u822c\u8981\u8fdb\u884c\u8d28\u56e0\u6570\u5206\u89e3\u65f6\uff0c\u6211\u4eec\u662ffor\u5faa\u73af\u5bf9\u6bcf\u4e2a\u6570\u8fdb\u884c\u8d28\u56e0\u6570\u5206\u89e3\uff0c\u4f46\u5c11\u6570\u7684\u60c5\u51b5\u4e0b\uff0c\u6570\u5b57\u592a\u5927\u4e86\uff0c\u9898\u76ee\u4e0d\u5141\u8bb8\u8fd9\u6837\u7684\u505a\u6cd5\uff0c\u6240\u4ee5\u6211\u4eec\u9700\u8981\u5b66\u4f1a\u4e00\u79cd\u66f4\u5feb\u7684\u65b9\u6cd5\u6765\u6c42\u8d28\u56e0\u6570\u3002\r\n\r\n\u6211\u4eec\u6765\u4e00\u4e2a\u6837\u4f8b\u8bf4\u660e\u4e00\u4e0b\uff1a\r\n>$$\r\n        \\begin{matrix}\r\n        1 & 2 & 3&4&5&6&7&8&9&   \u6211\u4eec\u6c42\u5f97\u57289!\u4e2d2\u7684\u4e2a\u6570\\\\\r\n        &1& & 2& & 3&&4&&     \u9996\u5148\u6211\u4eec\u8ba1\u7b97\u51fa2\u7684\u500d\u6570\u7684\u4e2a\u6570\uff1a8/2=4 \\\\\r\n        &&&1 & &&&2 & &      \u5176\u6b21\u6211\u4eec\u8ba1\u7b97\u51fa4\u7684\u500d\u6570\u7684\u4e2a\u6570\uff1a    8/4=2\\\\\r\n        &&&&&&&1&&        \u6700\u540e\u6211\u4eec\u89e3\u51fa\u7b2c\u4e09\u5c42\u76842\u7684\u4e2a\u6570\uff1a    8/8=1\\\\\r\n        \\end{matrix}\r\n$$\r\n\r\n\u6211\u4eec\u628a4+2+1=7\uff0c\u6240\u4ee59!\u4e2d\u4e00\u5171\u51fa\u73b0\u4e867\u4e2a2\u3002\r\n\r\n##### \u4ee3\u7801:\r\n\r\n```cpp\r\n//x\u8868\u793a\u8981\u6c42\u7684\u8d28\u6570,\u51fd\u6570\u7684\u4f5c\u7528\u662f\u6c42\u51fax\u7684\u4e2a\u6570,n\u8868\u793a\u8981\u6c42\u7684n!\r\nlong long cal(long long n,long long x){   \r\n\tlong long ret=0;\r\n\twhile(n){\r\n\t\tret+=n/x;\r\n\t\tn/=x;\r\n\t}\r\n    return ret;\r\n}\r\n```\r\n\u4f8b\u9898:\r\n[cf: C. Trailing Loves (or L'oeufs?)](http://codeforces.com/contest/1114/problem/C)", "user": 1, "views": 14, "tui": 2, "created_time": "2020-06-26T09:47:58.159Z", "modified_time": "2020-07-02T07:09:50.405Z", "tags": []}}, {"model": "blog.article", "pk": 5, "fields": {"title": "\u8d85\u7ea7\u739b\u4e3d\u6e38\u620f", "excerpt": "", "category": null, "img": "", "body": "```katex\r\n\\lim_{x\\to1} \\frac{x+x^2+\\cdot\\cdot\\cdot+x^n-n}{x-1};\r\n```\r\n\r\n $$\\lim_{x\\to1} \\frac{x+x^2+\\cdot\\cdot\\cdot+x^n-n}{x-1};$$", "user": 5, "views": 15, "tui": null, "created_time": "2020-07-02T01:46:59.233Z", "modified_time": "2020-07-02T02:46:19.106Z", "tags": []}}, {"model": "blog.article", "pk": 6, "fields": {"title": "123", "excerpt": "", "category": null, "img": "", "body": "231", "user": 1, "views": 1, "tui": null, "created_time": "2020-07-02T02:07:45.102Z", "modified_time": "2020-07-02T02:08:02.939Z", "tags": []}}, {"model": "admin.logentry", "pk": 1, "fields": {"action_time": "2020-06-18T14:53:50.683Z", "user": 2, "content_type": 4, "object_id": "1", "object_repr": "0ng", "action_flag": 2, "change_message": "[{\"changed\": {\"fields\": [\"is_staff\", \"is_superuser\", \"last_login\"]}}]"}}, {"model": "admin.logentry", "pk": 2, "fields": {"action_time": "2020-06-19T15:15:17.940Z", "user": 1, "content_type": 14, "object_id": "1", "object_repr": "Valerian", "action_flag": 1, "change_message": "[{\"added\": {}}]"}}, {"model": "admin.logentry", "pk": 3, "fields": {"action_time": "2020-06-19T15:15:30.813Z", "user": 1, "content_type": 15, "object_id": "1", "object_repr": "Valerian", "action_flag": 1, "change_message": "[{\"added\": {}}]"}}, {"model": "admin.logentry", "pk": 4, "fields": {"action_time": "2020-06-19T15:15:40.850Z", "user": 1, "content_type": 17, "object_id": "1", "object_repr": "Valerian", "action_flag": 1, "change_message": "[{\"added\": {}}]"}}, {"model": "admin.logentry", "pk": 5, "fields": {"action_time": "2020-06-19T15:16:03.188Z", "user": 1, "content_type": 18, "object_id": "1", "object_repr": "\u8d85\u7ea7\u739b\u4e3d\u6e38\u620f", "action_flag": 1, "change_message": "[{\"added\": {}}]"}}, {"model": "admin.logentry", "pk": 6, "fields": {"action_time": "2020-06-19T15:16:11.112Z", "user": 1, "content_type": 16, "object_id": "1", "object_repr": "Valerian", "action_flag": 1, "change_message": "[{\"added\": {}}]"}}, {"model": "admin.logentry", "pk": 7, "fields": {"action_time": "2020-06-21T13:23:00.797Z", "user": 1, "content_type": 18, "object_id": "2", "object_repr": "\u7ebf\u6027\u5224\u522b\u5206\u6790(Linear Discriminant Analysis, LDA\uff09(\u542b\u7c7b\u5185\u6563\u5ea6\u77e9\u9635 \u7c7b\u95f4\u6563\u5ea6\u77e9\u9635 \u5168\u5c40\u6563\u5ea6\u77e9\u9635\u63a8\u5bfc", "action_flag": 1, "change_message": "[{\"added\": {}}]"}}, {"model": "admin.logentry", "pk": 8, "fields": {"action_time": "2020-06-21T13:39:53.769Z", "user": 1, "content_type": 13, "object_id": "1", "object_repr": "\u9707\u60ca", "action_flag": 1, "change_message": "[{\"added\": {}}]"}}, {"model": "admin.logentry", "pk": 9, "fields": {"action_time": "2020-06-21T13:40:15.081Z", "user": 1, "content_type": 13, "object_id": "2", "object_repr": "\u7537\u9ed8\u5973\u6cea", "action_flag": 1, "change_message": "[{\"added\": {}}]"}}, {"model": "admin.logentry", "pk": 10, "fields": {"action_time": "2020-06-21T13:40:46.941Z", "user": 1, "content_type": 13, "object_id": "3", "object_repr": "\u4e2d\u56fd\u4eba\u4e0d\u5f97\u4e0d\u77e5", "action_flag": 1, "change_message": "[{\"added\": {}}]"}}, {"model": "admin.logentry", "pk": 11, "fields": {"action_time": "2020-06-21T13:42:38.272Z", "user": 1, "content_type": 13, "object_id": "4", "object_repr": "\u9707\u60ca", "action_flag": 1, "change_message": "[{\"added\": {}}]"}}, {"model": "admin.logentry", "pk": 12, "fields": {"action_time": "2020-06-21T13:42:53.271Z", "user": 1, "content_type": 13, "object_id": "5", "object_repr": "\u7537\u9ed8\u5973\u6cea", "action_flag": 1, "change_message": "[{\"added\": {}}]"}}, {"model": "admin.logentry", "pk": 13, "fields": {"action_time": "2020-06-21T13:43:00.831Z", "user": 1, "content_type": 13, "object_id": "6", "object_repr": "\u4e2d\u56fd\u4eba\u4e0d\u5f97\u4e0d\u77e5", "action_flag": 1, "change_message": "[{\"added\": {}}]"}}, {"model": "admin.logentry", "pk": 14, "fields": {"action_time": "2020-06-21T13:43:02.166Z", "user": 1, "content_type": 13, "object_id": "6", "object_repr": "\u4e2d\u56fd\u4eba\u4e0d\u5f97\u4e0d\u77e5", "action_flag": 2, "change_message": "[]"}}, {"model": "admin.logentry", "pk": 15, "fields": {"action_time": "2020-06-21T14:43:35.529Z", "user": 1, "content_type": 18, "object_id": "1", "object_repr": "\u8d85\u7ea7\u739b\u4e3d\u6e38\u620f", "action_flag": 3, "change_message": ""}}, {"model": "admin.logentry", "pk": 16, "fields": {"action_time": "2020-06-26T08:55:01.430Z", "user": 1, "content_type": 13, "object_id": "6", "object_repr": "\u4e2d\u56fd\u4eba\u4e0d\u5f97\u4e0d\u77e5", "action_flag": 3, "change_message": ""}}, {"model": "admin.logentry", "pk": 17, "fields": {"action_time": "2020-06-26T08:55:01.439Z", "user": 1, "content_type": 13, "object_id": "5", "object_repr": "\u7537\u9ed8\u5973\u6cea", "action_flag": 3, "change_message": ""}}, {"model": "admin.logentry", "pk": 18, "fields": {"action_time": "2020-06-26T08:55:01.444Z", "user": 1, "content_type": 13, "object_id": "4", "object_repr": "\u9707\u60ca", "action_flag": 3, "change_message": ""}}, {"model": "admin.logentry", "pk": 19, "fields": {"action_time": "2020-06-26T08:55:01.450Z", "user": 1, "content_type": 13, "object_id": "3", "object_repr": "\u4e2d\u56fd\u4eba\u4e0d\u5f97\u4e0d\u77e5", "action_flag": 3, "change_message": ""}}, {"model": "admin.logentry", "pk": 20, "fields": {"action_time": "2020-06-26T08:55:01.455Z", "user": 1, "content_type": 13, "object_id": "2", "object_repr": "\u7537\u9ed8\u5973\u6cea", "action_flag": 3, "change_message": ""}}, {"model": "admin.logentry", "pk": 21, "fields": {"action_time": "2020-06-26T08:55:01.460Z", "user": 1, "content_type": 13, "object_id": "1", "object_repr": "\u9707\u60ca", "action_flag": 3, "change_message": ""}}, {"model": "admin.logentry", "pk": 22, "fields": {"action_time": "2020-06-26T08:55:46.048Z", "user": 1, "content_type": 13, "object_id": "7", "object_repr": "\u8001\u6c99", "action_flag": 1, "change_message": "[{\"added\": {}}]"}}, {"model": "admin.logentry", "pk": 23, "fields": {"action_time": "2020-06-26T08:55:58.758Z", "user": 1, "content_type": 13, "object_id": "8", "object_repr": "\u85e4\u864e", "action_flag": 1, "change_message": "[{\"added\": {}}]"}}, {"model": "admin.logentry", "pk": 24, "fields": {"action_time": "2020-06-26T08:56:09.546Z", "user": 1, "content_type": 13, "object_id": "9", "object_repr": "\u4f69\u7f57\u5a1c", "action_flag": 1, "change_message": "[{\"added\": {}}]"}}, {"model": "admin.logentry", "pk": 25, "fields": {"action_time": "2020-06-26T08:56:18.453Z", "user": 1, "content_type": 13, "object_id": "10", "object_repr": "\u660e\u54e5", "action_flag": 1, "change_message": "[{\"added\": {}}]"}}, {"model": "admin.logentry", "pk": 26, "fields": {"action_time": "2020-06-26T08:56:26.882Z", "user": 1, "content_type": 13, "object_id": "11", "object_repr": "\u5c0f\u9a6c\u54e5", "action_flag": 1, "change_message": "[{\"added\": {}}]"}}, {"model": "admin.logentry", "pk": 27, "fields": {"action_time": "2020-06-26T08:57:05.822Z", "user": 1, "content_type": 13, "object_id": "12", "object_repr": "\u5e0c\u7559", "action_flag": 1, "change_message": "[{\"added\": {}}]"}}, {"model": "admin.logentry", "pk": 28, "fields": {"action_time": "2020-06-26T08:57:19.254Z", "user": 1, "content_type": 13, "object_id": "13", "object_repr": "\u827e\u5c3c\u8def", "action_flag": 1, "change_message": "[{\"added\": {}}]"}}, {"model": "admin.logentry", "pk": 29, "fields": {"action_time": "2020-06-26T08:57:31.468Z", "user": 1, "content_type": 13, "object_id": "14", "object_repr": "\u7f57\u5bbe", "action_flag": 1, "change_message": "[{\"added\": {}}]"}}, {"model": "admin.logentry", "pk": 30, "fields": {"action_time": "2020-06-26T08:57:42.244Z", "user": 1, "content_type": 13, "object_id": "15", "object_repr": "\u9752\u96c9", "action_flag": 1, "change_message": "[{\"added\": {}}]"}}, {"model": "admin.logentry", "pk": 31, "fields": {"action_time": "2020-06-26T08:58:59.502Z", "user": 1, "content_type": 13, "object_id": "16", "object_repr": "\u96f7\u5229", "action_flag": 1, "change_message": "[{\"added\": {}}]"}}, {"model": "admin.logentry", "pk": 32, "fields": {"action_time": "2020-06-26T09:01:49.175Z", "user": 1, "content_type": 13, "object_id": "17", "object_repr": "\u9ea6\u54f2\u4f26", "action_flag": 1, "change_message": "[{\"added\": {}}]"}}, {"model": "admin.logentry", "pk": 33, "fields": {"action_time": "2020-06-26T09:01:57.981Z", "user": 1, "content_type": 13, "object_id": "18", "object_repr": "\u7ea2\u72d7", "action_flag": 1, "change_message": "[{\"added\": {}}]"}}, {"model": "admin.logentry", "pk": 34, "fields": {"action_time": "2020-06-26T09:02:06.076Z", "user": 1, "content_type": 13, "object_id": "19", "object_repr": "\u827e\u65af", "action_flag": 1, "change_message": "[{\"added\": {}}]"}}, {"model": "admin.logentry", "pk": 35, "fields": {"action_time": "2020-06-26T09:02:18.084Z", "user": 1, "content_type": 13, "object_id": "20", "object_repr": "\u9ec4\u733f", "action_flag": 1, "change_message": "[{\"added\": {}}]"}}, {"model": "admin.logentry", "pk": 36, "fields": {"action_time": "2020-06-26T09:02:39.472Z", "user": 1, "content_type": 13, "object_id": "21", "object_repr": "\u5c71\u8d3c\u738b", "action_flag": 1, "change_message": "[{\"added\": {}}]"}}, {"model": "admin.logentry", "pk": 37, "fields": {"action_time": "2020-06-26T09:08:53.906Z", "user": 1, "content_type": 17, "object_id": "1", "object_repr": "1", "action_flag": 2, "change_message": "[{\"changed\": {\"fields\": [\"name\"]}}]"}}, {"model": "admin.logentry", "pk": 38, "fields": {"action_time": "2020-06-26T09:09:10.123Z", "user": 1, "content_type": 18, "object_id": "2", "object_repr": "\u7ebf\u6027\u5224\u522b\u5206\u6790(Linear Discriminant Analysis, LDA\uff09(\u542b\u7c7b\u5185\u6563\u5ea6\u77e9\u9635 \u7c7b\u95f4\u6563\u5ea6\u77e9\u9635 \u5168\u5c40\u6563\u5ea6\u77e9\u9635\u63a8\u5bfc", "action_flag": 2, "change_message": "[{\"changed\": {\"fields\": [\"tui\"]}}]"}}, {"model": "admin.logentry", "pk": 39, "fields": {"action_time": "2020-06-26T09:11:40.260Z", "user": 1, "content_type": 18, "object_id": "2", "object_repr": "\u7ebf\u6027\u5224\u522b\u5206\u6790(Linear Discriminant Analysis, LDA\uff09(\u542b\u7c7b\u5185\u6563\u5ea6\u77e9\u9635 \u7c7b\u95f4\u6563\u5ea6\u77e9\u9635 \u5168\u5c40\u6563\u5ea6\u77e9\u9635\u63a8\u5bfc", "action_flag": 2, "change_message": "[{\"changed\": {\"fields\": [\"img\"]}}]"}}, {"model": "admin.logentry", "pk": 40, "fields": {"action_time": "2020-06-26T09:15:27.241Z", "user": 1, "content_type": 18, "object_id": "2", "object_repr": "\u7ebf\u6027\u5224\u522b\u5206\u6790(Linear Discriminant Analysis, LDA\uff09(\u542b\u7c7b\u5185\u6563\u5ea6\u77e9\u9635 \u7c7b\u95f4\u6563\u5ea6\u77e9\u9635 \u5168\u5c40\u6563\u5ea6\u77e9\u9635\u63a8\u5bfc", "action_flag": 2, "change_message": "[{\"changed\": {\"fields\": [\"img\"]}}]"}}, {"model": "admin.logentry", "pk": 41, "fields": {"action_time": "2020-06-26T09:18:21.773Z", "user": 1, "content_type": 18, "object_id": "2", "object_repr": "\u7ebf\u6027\u5224\u522b\u5206\u6790(Linear Discriminant Analysis, LDA\uff09(\u542b\u7c7b\u5185\u6563\u5ea6\u77e9\u9635 \u7c7b\u95f4\u6563\u5ea6\u77e9\u9635 \u5168\u5c40\u6563\u5ea6\u77e9\u9635\u63a8\u5bfc", "action_flag": 2, "change_message": "[{\"changed\": {\"fields\": [\"body\"]}}]"}}, {"model": "admin.logentry", "pk": 42, "fields": {"action_time": "2020-06-26T09:31:03.373Z", "user": 1, "content_type": 18, "object_id": "3", "object_repr": "Simpson\u79ef\u5206", "action_flag": 1, "change_message": "[{\"added\": {}}]"}}, {"model": "admin.logentry", "pk": 43, "fields": {"action_time": "2020-06-26T09:34:04.755Z", "user": 1, "content_type": 14, "object_id": "2", "object_repr": "\u51e0\u4f55", "action_flag": 1, "change_message": "[{\"added\": {}}]"}}, {"model": "admin.logentry", "pk": 44, "fields": {"action_time": "2020-06-26T09:34:08.417Z", "user": 1, "content_type": 18, "object_id": "3", "object_repr": "Simpson\u79ef\u5206", "action_flag": 2, "change_message": "[{\"changed\": {\"fields\": [\"category\"]}}]"}}, {"model": "admin.logentry", "pk": 45, "fields": {"action_time": "2020-06-26T09:36:35.631Z", "user": 1, "content_type": 18, "object_id": "3", "object_repr": "Simpson\u79ef\u5206", "action_flag": 2, "change_message": "[{\"changed\": {\"fields\": [\"img\"]}}]"}}, {"model": "admin.logentry", "pk": 46, "fields": {"action_time": "2020-06-26T09:47:09.139Z", "user": 1, "content_type": 14, "object_id": "3", "object_repr": "\u6570\u5b66", "action_flag": 1, "change_message": "[{\"added\": {}}]"}}, {"model": "admin.logentry", "pk": 47, "fields": {"action_time": "2020-06-26T09:47:51.161Z", "user": 1, "content_type": 17, "object_id": "2", "object_repr": "2", "action_flag": 1, "change_message": "[{\"added\": {}}]"}}, {"model": "admin.logentry", "pk": 48, "fields": {"action_time": "2020-06-26T09:47:58.161Z", "user": 1, "content_type": 18, "object_id": "4", "object_repr": "\u5feb\u901f\u6c42n!\u7684\u8d28\u56e0\u6570\u53ca\u4e2a\u6570", "action_flag": 1, "change_message": "[{\"added\": {}}]"}}, {"model": "admin.logentry", "pk": 49, "fields": {"action_time": "2020-06-26T09:49:15.241Z", "user": 1, "content_type": 16, "object_id": "2", "object_repr": "\u51e0\u4f55", "action_flag": 1, "change_message": "[{\"added\": {}}]"}}, {"model": "admin.logentry", "pk": 50, "fields": {"action_time": "2020-06-26T09:49:21.465Z", "user": 1, "content_type": 16, "object_id": "3", "object_repr": "\u6570\u5b66", "action_flag": 1, "change_message": "[{\"added\": {}}]"}}, {"model": "admin.logentry", "pk": 51, "fields": {"action_time": "2020-07-02T01:46:59.235Z", "user": 1, "content_type": 18, "object_id": "5", "object_repr": "\u8d85\u7ea7\u739b\u4e3d\u6e38\u620f", "action_flag": 1, "change_message": "[{\"added\": {}}]"}}, {"model": "admin.logentry", "pk": 52, "fields": {"action_time": "2020-08-05T08:24:58.694Z", "user": 1, "content_type": 23, "object_id": "2", "object_repr": "Note object (2)", "action_flag": 3, "change_message": ""}}, {"model": "admin.logentry", "pk": 53, "fields": {"action_time": "2020-08-05T08:24:58.704Z", "user": 1, "content_type": 23, "object_id": "1", "object_repr": "Note object (1)", "action_flag": 3, "change_message": ""}}]